Database entry name,Database sequence,Model sequence,Domain E-value (c-Evalue),Full sequence E-value (i-Evalue)
JGI_SLUDGE_AUS_READ_1434274740_61,GGAEYRESLRRFRPTVYVDGELIESVADAPSLQPGINALAVTYDFALDPPKARLMTARQSLRGQTVNRMLHLNESAGDLLNKLEAVRILCQE-TGCAQRylAHDALNAIHQVSARIDDARGSrEHRARFAAYLDEVQERDLSLGIAMTDAKGDRSQRPHQQANPDTYVHIVDRHGTGIVISGTKAIVTGAPYMHELLVMPSRSMSAADADFAVCCAIPVDAPGLTIVARPAGRPGEKVEHgaALFSRRYGQSTAVVIFERVFVPWERVFFAGEWEHSGSLTYNYATHHRHSCIAARAGFGDLLIGAGALMCEANGFA,tgeqYlesLrdlkrevYldGerVedvtdhPafrpsvrsvaelYdlahdpeykdlmtatspltgervnrffhiprskeDLvkkrkmirllarktggclgR..gpDalnallattaeidealgt.eyhenfrkyleyvqendlvlthaitdpkgdRskrpseqedpdlylrvveerddGivVrGakvlaTgapladeilvmptralteedkdyAvafavPvdapGvklicrrssedtrsled..dplssrfdendalviFDdVfVPwerVFlygevelanklverfaayhrhqyvvrkagkldfliGlaaliaeangve,1.8e-116,2.5e-112
JGI_SLUDGE_AUS_READ_1434252037_41,SGAEYRESLRRYRPTVYVDAELIDSVADAPSLQPGINALAVTYDFALDPAKARLMTAQQRLRGQTVNRMLHLXESAGDLLNKLEAVRILCQE-TGCAQRylAHDALNAIHQVSARIDDARGSrEHRARFAAYLDEVQERDLSLGIAMTDAKGDRSQRPHQQANPDTYVHIVDRHGTGIVISGTKAIVTGAPYMHELLVMPSRNMSTADADFAVCCAIPVDAPGLTIVARPAGRPGEKVEHgaALFSRRYGQSTAVVIFERVFVPWERVFFAGEWEHSGSLTYNYATHHRHSCIAARAGFGDLLIGAGALMAK,tgeqYlesLrdlkrevYldGerVedvtdhPafrpsvrsvaelYdlahdpeykdlmtatspltgervnrffhiprskeDLvkkrkmirllarktggclgR..gpDalnallattaeidealgt.eyhenfrkyleyvqendlvlthaitdpkgdRskrpseqedpdlylrvveerddGivVrGakvlaTgapladeilvmptralteedkdyAvafavPvdapGvklicrrssedtrsled..dplssrfdendalviFDdVfVPwerVFlygevelanklverfaayhrhqyvvrkagkldfliGlaaliae,2e-113,2.8e-109
JGI_SLUDGE_AUS_READ_1434275995_41,RPTVYVDGELIDSVADAPSLQPGINALAVTYDFALDPAKARLMTAQQSLRGQTVNRMLHLNESAGDLLNKLEAVRILCQE-TGCAQRylAHDALNAIHQVSARIDDARGSrEHRARFAAYLDEVQERDLSLGIAMTDAKGDRSQRPHQQANPDTYVHIVDRHGTGIVISGTKAIVTGAPYMHELLVMPSRNMSTADADFAVCCAIPVDAPGLTIVARPAGRPGEKVEHgaALFSRRYGQSTAVVIFERVFVPWERVFFAGEWEHSGSLTYNYATHHRHSCIAARAGFGDLLIGAGALMCEANGFapGRKASLREPMIKLI,krevYldGerVedvtdhPafrpsvrsvaelYdlahdpeykdlmtatspltgervnrffhiprskeDLvkkrkmirllarktggclgR..gpDalnallattaeidealgt.eyhenfrkyleyvqendlvlthaitdpkgdRskrpseqedpdlylrvveerddGivVrGakvlaTgapladeilvmptralteedkdyAvafavPvdapGvklicrrssedtrsled..dplssrfdendalviFDdVfVPwerVFlygevelanklverfaayhrhqyvvrkagkldfliGlaaliaeangv..ekashvqeklaeli,1.2e-112,1.7e-108
JGI_SLUDGE_US_READ_1404901819_31,GHDALNAIHQVSARIDDARGSrEHRARFAAYLDEVQERDLSLGIAMTDAKGDRSQRPHQQANPDTYVHIVDRHGTGIVISGTKAIVTGAPYMHELLVMPSRNMSTADADFAVCCAIPVDAPGLTIVARPAGRPGEKVEHgaALFSRRYGQSTAVVIFERVFVPWERVFFAGEWEHSGSLTYNYATHHRHSCIAARAGFGDLLIGAGALMCEANGFapGRKASLREPMVELIKITEGFFACGVAASVYGTPDEfSGSFMPDPVFANIGKLLLATQIYDMHRLAHEVSGGLIVALPGPDEDHNPATAATLGEVLRANRDVPYDKRIEV,gpDalnallattaeidealgt.eyhenfrkyleyvqendlvlthaitdpkgdRskrpseqedpdlylrvveerddGivVrGakvlaTgapladeilvmptralteedkdyAvafavPvdapGvklicrrssedtrsled..dplssrfdendalviFDdVfVPwerVFlygevelanklverfaayhrhqyvvrkagkldfliGlaaliaeangv..ekashvqeklaelihlretlyalgiaaeaeaeptp.sGvylpdlllanaarvlvtrlyyrivellqdlaGgglvtlPseadfenpelrpllekylrgangvsaeervkl,2e-110,2.8e-106
JGI_SLUDGE_US_READ_1404974785_61,TRPTVYVDGELIDSVADAPSLQPGINALAVTYDFALDPAKARLMTAQQSLRGQTVNRMLHLNESAGDLLNKLEAVRILCQE-TGCAQRylAHDALNAIHQVSARIDDARGSrEHRARFAAYLDEVQERDLSLGIAMTDAKGDRSQRPHQQANPDTYVHIVDRHGTGIVISGTKAIVTGAPYMHELLVMPSRNMSTADADFAVCCAIPVDAPGLTIVARPAGRPGEKVEHgaALFSRRYGQSTAVVIFERVFVPWERVFFAGEWEHSGSLTYNYATHHRHSCIAARAGFGDLLIGAGALMW,lkrevYldGerVedvtdhPafrpsvrsvaelYdlahdpeykdlmtatspltgervnrffhiprskeDLvkkrkmirllarktggclgR..gpDalnallattaeidealgt.eyhenfrkyleyvqendlvlthaitdpkgdRskrpseqedpdlylrvveerddGivVrGakvlaTgapladeilvmptralteedkdyAvafavPvdapGvklicrrssedtrsled..dplssrfdendalviFDdVfVPwerVFlygevelanklverfaayhrhqyvvrkagkldfliGlaalia,1.6e-109,2.2e-105
JGI_SLUDGE_US_READ_1404557278_61,QTNPDTYVHIVDGQGTGIVISGTKAIVTGAPYMHELPVMPSRNMSTADADFAVCCAIPVDAPGLTIVARPAGRPGEKVEHgaALFSRRYGQSTAVVIFERVFVPWERVFFAGEWEHSGSLTYNYATHHRHSCIAARAGFGDLLIGAGALMCEANGFapGRKASLREPMVELIKITEGFFACGVAASVYGTPDEfSGSFMPDPVFANIGKLLLATQIYDMHRLAHEVSGGLIVALPGPDEDHNPATAATLAEVLRANPDVPYDKRIEVARFIEDLTASYQGGWYSVISLHGGGSPAAMKQEIWRNYPLGSK---VELVERLLDRGVLHD,qedpdlylrvveerddGivVrGakvlaTgapladeilvmptralteedkdyAvafavPvdapGvklicrrssedtrsled..dplssrfdendalviFDdVfVPwerVFlygevelanklverfaayhrhqyvvrkagkldfliGlaaliaeangv..ekashvqeklaelihlretlyalgiaaeaeaeptp.sGvylpdlllanaarvlvtrlyyrivellqdlaGgglvtlPseadfenpelrpllekylrgangvsaeervkllrliedltlsefagrqelyerhgaGspeaqriailrqydleekeelkelvkkllgiedaee,2.7e-106,3.7e-102
JGI_SLUDGE_US_READ_1404566492_61,RIDDARGTANIGPLRAYLDEVQERDPSLGIAMTDAKGDRSQRPHQQANPDTYVHIVDRHGTGIVISGTKAIVTGAPYMHELLVMPSRNMSTADADFAVCCAIPVDAPGLTIVARPAGRPGEKVEHgaALFSRRYGQSTAVVIFERVFVPWERVFFAGEWEHSGSLTYNYATHHRHSCIAARAGFGDLLIGAGALMCEANGFapGRKASLREPMVELIKITEGFFACGVAASVYGTPDEfSGSFMPDPVFANIGKLLLATQIYDMHRLAHEVSGGLIVAXPGP,eidealgteyhenfrkyleyvqendlvlthaitdpkgdRskrpseqedpdlylrvveerddGivVrGakvlaTgapladeilvmptralteedkdyAvafavPvdapGvklicrrssedtrsled..dplssrfdendalviFDdVfVPwerVFlygevelanklverfaayhrhqyvvrkagkldfliGlaaliaeangv..ekashvqeklaelihlretlyalgiaaeaeaeptp.sGvylpdlllanaarvlvtrlyyrivellqdlaGgglvtlPse,1.9e-97,2.6e-93
JGI_SLUDGE_AUS_READ_1434013328_11,RPTVYVDGELIESVAVAPSLQPGINALAVTYDFALDPAKARLMTARQSLRGQTVNRMLHLNESAGDLLNKLEAVRILCQE-TGCAQRylAHDALNAIHQVSARIDDARGSrEHRARFAAYLDEVQERDLSLGIAMTDAKGDRSQRPHQQANPDTYVHIVDRHGTGIVISGTKAIVTGAPYMHELLVMPSRSMSAADADFAVCCAIPVDAPGLTIVARPAGRPGEXVEHgaALFSRRYGQSTAVVIFERVFVPWERVFFAGEWEHFRVA,krevYldGerVedvtdhPafrpsvrsvaelYdlahdpeykdlmtatspltgervnrffhiprskeDLvkkrkmirllarktggclgR..gpDalnallattaeidealgt.eyhenfrkyleyvqendlvlthaitdpkgdRskrpseqedpdlylrvveerddGivVrGakvlaTgapladeilvmptralteedkdyAvafavPvdapGvklicrrssedtrsled..dplssrfdendalviFDdVfVPwerVFlygevelankl,2.8e-97,3.9e-93
JGI_SLUDGE_US_READ_1404640523_61,LLNKLEPVRILCQE-TGCAQRylAHDALNAIHQVSARIDDARGSrEHRARFAAYLDEVQERDLSLGIAMTDAKGDRSQRPHQQANPDTYVHIVDRHGTGIVISGTKAIVTGAPYMHELLVMPSRNMSTADADFAVCCAIPVDAPGLTIVARPAGRPGEKVEHgaALFSRRYGQSTAVVIFERVFVPWERVFFAGEWEHSGSLTYNYATHHRHSCIAARAGFGDLLIGAGALMCEANGFapGRKASLREPMVELIKITEGFFACGVAASVYGTPDE,LvkkrkmirllarktggclgR..gpDalnallattaeidealgt.eyhenfrkyleyvqendlvlthaitdpkgdRskrpseqedpdlylrvveerddGivVrGakvlaTgapladeilvmptralteedkdyAvafavPvdapGvklicrrssedtrsled..dplssrfdendalviFDdVfVPwerVFlygevelanklverfaayhrhqyvvrkagkldfliGlaaliaeangv..ekashvqeklaelihlretlyalgiaaeaeaeptp,3.6e-94,4.9e-90
JGI_SLUDGE_AUS_READ_1434055636_51,GAPYMHELLVMPSRNMSTADADFPVCCAIPVDAPGLTIVARPAGRPGEKVEHgaALFSRRYGQSTAVVIFERVFVPWERVFFAGEWEHSGSLTYNYATHHRHSCIAARAGFGDLLIGAGALMCEANGFapGRKASLREPMVELIKITEGFFACGVAASVYGTPDEfSGSFMPDPVFANIGKLLLATQIYDMHRLAHEVSGGLIVALPGPDEDHNPATAATLAEVLRANPDVPYDKRIEVARFIEDLTASYQGGWYSVISLHGGGSPAAMKQEIWRNYPLGSK---VELVERLLDRGVLHD,gapladeilvmptralteedkdyAvafavPvdapGvklicrrssedtrsled..dplssrfdendalviFDdVfVPwerVFlygevelanklverfaayhrhqyvvrkagkldfliGlaaliaeangv..ekashvqeklaelihlretlyalgiaaeaeaeptp.sGvylpdlllanaarvlvtrlyyrivellqdlaGgglvtlPseadfenpelrpllekylrgangvsaeervkllrliedltlsefagrqelyerhgaGspeaqriailrqydleekeelkelvkkllgiedaee,2.5e-93,3.4e-89
JGI_SLUDGE_US_READ_1404633386_41,PLITARQSFRGQTVKRMLPFKESAGDLLTKLEPVRILCQE-TGCAQRylAHDALNAIHQVSARIDDARGSrEHRARFAAYLEDVQERDLSLGVAMTDAKGDRSQRPHQQANPDTYVHVVDRHGTGIVISGTKAIVTGAPYMHELLVMPSRNMSAADADFAVCCAIPVDAPGLTIVARPAGRPGEKVEHgaALFSRRYGQSTAVVIFDRVFVPWERVFFAGEWEHSGSLTYSYATHHRHSCIAARAGFGDLLIGAGALMCEANGFD,dlmtatspltgervnrffhiprskeDLvkkrkmirllarktggclgR..gpDalnallattaeidealgt.eyhenfrkyleyvqendlvlthaitdpkgdRskrpseqedpdlylrvveerddGivVrGakvlaTgapladeilvmptralteedkdyAvafavPvdapGvklicrrssedtrsled..dplssrfdendalviFDdVfVPwerVFlygevelanklverfaayhrhqyvvrkagkldfliGlaaliaeangve,2.9e-93,3.9e-89
JGI_SLUDGE_AUS_READ_1434101843_61,VNNGTKAIVTGAPDRQELRSRPTRSRSAADADFAFCCAIPVDAPGLTIVARPAGRPGEKVEHgaALFSRRYGQSTAVVIFERVFVPWERVFFAGEWEHSGSLTYNYATHHRHSCIAARAGFGDLLIGAGALMCEANGFapGRKASLREPMVELIKITEGFFACGVAASVYGTPDEfSGSFMPDPVFANIGKLLLATQIYDMHRLAHEVSGGLIVALPGPDEDHNPATAATLAEVLRANPDVPYDKRIEVARFIEDLTASYQGGWYSVISLHGGGSPAAMKQEIWRNYPLGSK---VELVERLLDRGVLHD,vVrGakvlaTgapladeilvmptralteedkdyAvafavPvdapGvklicrrssedtrsled..dplssrfdendalviFDdVfVPwerVFlygevelanklverfaayhrhqyvvrkagkldfliGlaaliaeangv..ekashvqeklaelihlretlyalgiaaeaeaeptp.sGvylpdlllanaarvlvtrlyyrivellqdlaGgglvtlPseadfenpelrpllekylrgangvsaeervkllrliedltlsefagrqelyerhgaGspeaqriailrqydleekeelkelvkkllgiedaee,5.4e-91,7.4e-87
JGI_SLUDGE_AUS_READ_1434055637_51,KPIVTGAPNRHELLVKPSRNRSRPDADFPVCCPIPVDAPGLTIVARPAARPGEKVEHgpALFSRRYGQSTAVVIFERVFVPWERVFFAAEWEHSGSLTYNYATHHRHSCIAARAGFGDLLIGAGALMCEANGFapGRKASLREPMVELIKITEGFFACGVAASVYGTPDEfSGSFMPDPVFANIGKLLLATQIYDMHRLAHEVSGGLIVALPGPDEDHNPATAATLAEVLRANPDVPYDKRIEVARFIEDLTASYQGGWYSVISLHGGGSPAAMKQEIWRNYPLGSK---VELVERLLDRGVLHD,kvlaTgapladeilvmptralteedkdyAvafavPvdapGvklicrrssedtrsled..dplssrfdendalviFDdVfVPwerVFlygevelanklverfaayhrhqyvvrkagkldfliGlaaliaeangv..ekashvqeklaelihlretlyalgiaaeaeaeptp.sGvylpdlllanaarvlvtrlyyrivellqdlaGgglvtlPseadfenpelrpllekylrgangvsaeervkllrliedltlsefagrqelyerhgaGspeaqriailrqydleekeelkelvkkllgiedaee,9e-90,1.2e-85
JGI_SLUDGE_US_READ_1404904404_41,SGAEYRESLRRYRPTVYVDGELIESVADAPTLQPGINALAVTYDFALDPAKARLMTARQSLRGQTVNRMLHLNESAGDLLNKLEAVRILCQE-TGCAQRylAHDALNAIHQVSARIDDARGSrEHRARFAAYLEDVQERDLSLGVAMTDAKGDRSQRPHQQANPDTYVHVVDRHGTGIVISGTKAIVTGAPYMHELLVMPSRNMSAADADFAVCCAIPVDAPGLTIVARPAGRPGEKVEHgaALFSRRYGQSTA,tgeqYlesLrdlkrevYldGerVedvtdhPafrpsvrsvaelYdlahdpeykdlmtatspltgervnrffhiprskeDLvkkrkmirllarktggclgR..gpDalnallattaeidealgt.eyhenfrkyleyvqendlvlthaitdpkgdRskrpseqedpdlylrvveerddGivVrGakvlaTgapladeilvmptralteedkdyAvafavPvdapGvklicrrssedtrsled..dplssrfdenda,1.6e-88,2.1e-84
JGI_SLUDGE_US_READ_1404572690_61,SGAEYRESLRRYRPTVYVDGELIDSVADAPSLQPGINALAVTYDFALDPAKARLMTAQQSLRGQTVNRMLHLNESAGDLLNKLEAVRILCQE-TGCAQRylAHDALNAIHQVSARIDDARGSrEHRARFAAYLDEVQERDLSLGIAMTDAKGDRSQRPHQQANPDTYVHIVDRHGTGIVISGTKAIVTGAPYMHELLVMPSRNMSTADADFAVCCAIPVDAPGLTIVARPAGRPGEKVEHgAALFSR,tgeqYlesLrdlkrevYldGerVedvtdhPafrpsvrsvaelYdlahdpeykdlmtatspltgervnrffhiprskeDLvkkrkmirllarktggclgR..gpDalnallattaeidealgt.eyhenfrkyleyvqendlvlthaitdpkgdRskrpseqedpdlylrvveerddGivVrGakvlaTgapladeilvmptralteedkdyAvafavPvdapGvklicrrssedtrsled.dplssr,1.6e-87,2.2e-83
JGI_SLUDGE_US_READ_1404634780_61,RAEYRESLRRYRPTVYVDGELIDSVXDAPSLQPGINALAVTYDFALDPAKARLMTAQQSLRGQTVNRMLHLNESAGDLLNKLEAVRILCQE-TGCAQRylAHDALNAIHQVSARIDDARGSrEHRARFAAYLDEVQERDLSLGIAMTDAKGDRSQRPHQQANPDTYVHIVDRHGTGIVISGTKAIVTGAPYMHELLVMPSRNMSTADADFAVCCAIPVDAPGLTIVARPAGRPGEKVEHgaALFSRRYGQSTAV,geqYlesLrdlkrevYldGerVedvtdhPafrpsvrsvaelYdlahdpeykdlmtatspltgervnrffhiprskeDLvkkrkmirllarktggclgR..gpDalnallattaeidealgt.eyhenfrkyleyvqendlvlthaitdpkgdRskrpseqedpdlylrvveerddGivVrGakvlaTgapladeilvmptralteedkdyAvafavPvdapGvklicrrssedtrsled..dplssrfdendal,2.2e-87,3e-83
JGI_SLUDGE_US_READ_1404541585_11,SGAEYRESLRRYRPTVYVDGELIDSVADAPSLQPGINALAVTYDFALDPAKARLMTAQQSLRGQTVNRMLHLNESAGDLLNKLEAVRILCQE-TGCAQRylAHDALNAIHQVSARIDDARGSrEHRARFAAYLDEVQERDLSLGIAMTDAKGDRSQRPHQQANPDTYVHIVDRHGTGIVISGTKAIVTGAPYMHELLVMPSRNMSTADADFAVCCAIPVDAPGLTIVARPGSRPRRK,tgeqYlesLrdlkrevYldGerVedvtdhPafrpsvrsvaelYdlahdpeykdlmtatspltgervnrffhiprskeDLvkkrkmirllarktggclgR..gpDalnallattaeidealgt.eyhenfrkyleyvqendlvlthaitdpkgdRskrpseqedpdlylrvveerddGivVrGakvlaTgapladeilvmptralteedkdyAvafavPvdapGvklicrrssedtrs,8.9e-87,1.2e-82
JGI_SLUDGE_AUS_READ_1434054597_61,SGAEYRESLRRYRPTVYVDGELIDSVADAPSLQPGINALAVTYDFALDPAKARLMTAQQSLRGQTVNRMLHLNESAGDLLNKLEAVRILCQE-TGCAQRylAHDALNAIHQVSARIDDARGSrEHRARFAAYLDEVQERDLSLGIAMTDAKGDRSQRPHQQANPDTYVHIVDRHGTGIVISGTKAIVTGAPYMHELLVMPSRNMSTADADFAVCCAIPVDAPGLTIVARPAGRPGEKVEHGARSF,tgeqYlesLrdlkrevYldGerVedvtdhPafrpsvrsvaelYdlahdpeykdlmtatspltgervnrffhiprskeDLvkkrkmirllarktggclgR..gpDalnallattaeidealgt.eyhenfrkyleyvqendlvlthaitdpkgdRskrpseqedpdlylrvveerddGivVrGakvlaTgapladeilvmptralteedkdyAvafavPvdapGvklicrrssedtrsleddplss,9.9e-87,1.4e-82
JGI_SLUDGE_US_READ_1404570372_11,TXRgSXDALNAIHQVSARIDDARGSrEHRARFAAYLDEVQERDLSLGIAMTDAKGDRSQRPHQQANPDTYVHIVDRHGTGIVISGTKAIVTGAPYMHELLVMPSRNMSTADADFAVCCAIPVDAPGLTIVARPAGRPGEKVEHgaALFSRRYGQSTAVVIFERVFVPWERVFFAGEWEHSGSLTYNYATHHRHSCIAARAGFGDLLIGAGALMCEANGFapGRKASLREPMVELIKITEGXSPAASPPAVTARRTNsVAVSCPNRVSATSAKLVWPTKIXR,lgR.gpDalnallattaeidealgt.eyhenfrkyleyvqendlvlthaitdpkgdRskrpseqedpdlylrvveerddGivVrGakvlaTgapladeilvmptralteedkdyAvafavPvdapGvklicrrssedtrsled..dplssrfdendalviFDdVfVPwerVFlygevelanklverfaayhrhqyvvrkagkldfliGlaaliaeangv..ekashvqeklaelihlretlyalgiaaeaeaeptp.sGvylpdlllanaarvlvtrlyyr,5.1e-86,7.1e-82
JGI_SLUDGE_US_READ_1401978610_61,TCRSVTCRWGVAMTDAKGDRSQRPHQQANPDTYVHVVDRHGTGIVISGTKAIVTGAPYMHELLVMPSRNMSAADADFAVCCAIPVDAPGLTIVARPAGRPGEKVEHgaALFSRRYGQSTAVVIFDRVFVPWERVFFAGEWEHSGSLTYSYATHHRHSCIAARAGFGDLLIGAGALMCEANGFdpGRKASLREPMVELIKITEGFFACGVAASVYATPDEfSGSFMPDPV,yvqendlvlthaitdpkgdRskrpseqedpdlylrvveerddGivVrGakvlaTgapladeilvmptralteedkdyAvafavPvdapGvklicrrssedtrsled..dplssrfdendalviFDdVfVPwerVFlygevelanklverfaayhrhqyvvrkagkldfliGlaaliaeangv..ekashvqeklaelihlretlyalgiaaeaeaeptp.sGvylpdll,3.4e-82,4.7e-78
JGI_SLUDGE_US_READ_1404747463_41,PRSQRPHQQANPDTYVHIVDRHGTGIVISGAKAIVTGAPYMHELLVMPSRNMSAADADFAVCCAIPVDAPGLTIVARPAGRPGEKVEHgaALFSRRYGQSTAVVIFERVFVPWERVFFAGEWEHSGSLTYNYATHHRHSCIAARAGFGDLLIGAGALMCEANGFdpGRKASLREPMVELIKITEGFFACGVAASVYGTPDEfSGSFMPDPVFANIGKLLLATQIYDMHRLVR,dRskrpseqedpdlylrvveerddGivVrGakvlaTgapladeilvmptralteedkdyAvafavPvdapGvklicrrssedtrsled..dplssrfdendalviFDdVfVPwerVFlygevelanklverfaayhrhqyvvrkagkldfliGlaaliaeangv..ekashvqeklaelihlretlyalgiaaeaeaeptp.sGvylpdlllanaarvlvtrlyyrivellq,5.4e-82,7.5e-78
JGI_SLUDGE_US_READ_1404542874_41,RSDMGILVRGARVLXPLALLSDGIAVYPAAPXPQGADDYALSFCVPMSTLGLKFICRDXMSAPDHRFDHPLXGRFDEQDAFVIFDDVEVPRDRLFIDCNLTTYNTVmTSSWPPNIMQQTMIRAWTKLDFAWGLALRMAASINAV-DPETQRLIGEIWTYAEFTRAAIVAAEAEAKEWPTGLWTCGIRPLHALRATLPLWFPRVNEILRLIGSHNLLAAPTAAQLADPDLRPLIDRYLPGAKGMAAEERIRIFRLAWDFAGSALPSRNEQYERFYLASSTRNLSRHLQ,erddGivVrGakvlaTgapladeilvmptralteedkdyAvafavPvdapGvklicrrssedtrsleddplssrfdendalviFDdVfVPwerVFlygevelankl.verfaayhrhqyvvrkagkldfliGlaaliaeangvekashvqeklaelihlretlyalgiaaeaeaeptpsGvylpdlllanaarvlvtrlyyrivellqdlaGgglvtlPseadfenpelrpllekylrgangvsaeervkllrliedltlsefagrqelyerhgaGspeaqriailr,1.8e-77,2.4e-73
JGI_SLUDGE_US_READ_1404747099_21,RSDAPAGESD--TYVHIVDRHGTGIVISGANAIVTGAPYMHELLVMPSRNMSAADADFAVCCAIPVDAPGLTIVARPAGRPGEKVEHgaALFSRRYGQSTAVVIFERVFVPWERVFFAGEWEHSGSLTYNYATHHRHSCIAARAGFGDLLIGAGALMCEANGFdpGRKASLREPMVELIKITEGFFACGVAASVYGTPDEfSGSFMPDPVFANIGKLLLATQIYDMHRL,RskrpseqedpdlylrvveerddGivVrGakvlaTgapladeilvmptralteedkdyAvafavPvdapGvklicrrssedtrsled..dplssrfdendalviFDdVfVPwerVFlygevelanklverfaayhrhqyvvrkagkldfliGlaaliaeangv..ekashvqeklaelihlretlyalgiaaeaeaeptp.sGvylpdlllanaarvlvtrlyyrivel,4.2e-76,5.8e-72
JGI_SLUDGE_US_READ_1404538554_21,HALADVYDLHHKH--ADICLAADPETGEAIPVSHIIPRSRDDLARRHQALRQVAEYSVGLMGRTPDYMNVTYAGFAGRPDEWGVhgneAGAERLIAYQKFLRRGDISLTHTIVQPTVDKATGDAPSAGNAQALRKVGETEHGIVVRGARVLATLAPFADEIAVYPAAPLPQGADDYALSFCVPMSTPGLKFLCRDSMSAPDHRFDHPLSGRFDEQDAFVIFDDVEVPRDRLFIDCHLTTLQPVmTSSWPPNIMQQTMIRAWTKLHFRLGA,rsvaelYdlahdpeykdlmtatspltgervnrffhiprskeDLvkkrkmirllarktggclgRgpDalnallattaeidealgt....eyhenfrkyleyvqendlvlthaitdpkgdRskrpseqedpdlylrvveerddGivVrGakvlaTgapladeilvmptralteedkdyAvafavPvdapGvklicrrssedtrsleddplssrfdendalviFDdVfVPwerVFlygevelankl.verfaayhrhqyvvrkagkldfliGl,2.7e-75,3.8e-71
JGI_SLUDGE_US_READ_1404753645_11,EHgaALFSRRYGQSTAVVIFERVFVPWERVFFAGEWEHSGSLTYNYATHHRHSCIAARAGFGDLLIGAGALMCEANGFapGRKASLREPMVELIKITEGFFACGVAASVYGTPDEfSGSFMPDPVFANIGKLLLATQIYDMHRLAHEVSGGLIVALPGPDEDHNPATAATLAEVLRANPDVPYDKRIEVARFIEDLTASYQGGWYSVISLHGGGSPAAMKQEIWRNYPLGSK---VELVERLLDRG,ed..dplssrfdendalviFDdVfVPwerVFlygevelanklverfaayhrhqyvvrkagkldfliGlaaliaeangv..ekashvqeklaelihlretlyalgiaaeaeaeptp.sGvylpdlllanaarvlvtrlyyrivellqdlaGgglvtlPseadfenpelrpllekylrgangvsaeervkllrliedltlsefagrqelyerhgaGspeaqriailrqydleekeelkelvkkllgie,3.3e-75,4.5e-71
JGI_SLUDGE_US_READ_1404569525_11,HgaALFSRRYGQSTAVVIFERVFVPWERVFFAGEWEHSGSLTYNYATHHRHSCIAARAGFGDLLIGAGALMCEANGFapGRKASLREPMVELIKITEGFFACGVAASVYGTPDEfSGSFMPDPVFANIGKLLLATQIYDMHRLAHEVSGGLIVALPGPDEDHNPATAATLAEVLRANPDVPYDKRIEVARFIEDLTASYQGGWYSVISLHGGGSPAAMKQEIWRNYPLGSK---VELVERLLDRGVLHD,d..dplssrfdendalviFDdVfVPwerVFlygevelanklverfaayhrhqyvvrkagkldfliGlaaliaeangv..ekashvqeklaelihlretlyalgiaaeaeaeptp.sGvylpdlllanaarvlvtrlyyrivellqdlaGgglvtlPseadfenpelrpllekylrgangvsaeervkllrliedltlsefagrqelyerhgaGspeaqriailrqydleekeelkelvkkllgiedaee,9.1e-75,1.2e-70
JGI_SLUDGE_US_READ_1404753991_21,QSTAVVIFERVFVPWERVFFAGEWEHSGSLTYNYATHHRHSCIAARAGFGDLLIGAGALMCEANGFapGRKASLREPMVELIKITEGFFACGVAASVYGTPDEfSGSFMPDPVFANIGKLLLATQIYDMHRLAHEVSGGLIVALPGPDEDHNPATAATLAEVLRANPDVPYDKRIEVARFIEDLTASYQGGWYSVISLHGGGSPAAMKQEIWRNYPLGSK---VELVERLLDRGVLHD,endalviFDdVfVPwerVFlygevelanklverfaayhrhqyvvrkagkldfliGlaaliaeangv..ekashvqeklaelihlretlyalgiaaeaeaeptp.sGvylpdlllanaarvlvtrlyyrivellqdlaGgglvtlPseadfenpelrpllekylrgangvsaeervkllrliedltlsefagrqelyerhgaGspeaqriailrqydleekeelkelvkkllgiedaee,1.3e-72,1.8e-68
JGI_SLUDGE_US_READ_1404560923_21,SGAEYRESLRRYRPTVYVDGELIDSVADAPSLQPGINALAVTYDFALDPAKARLMTAQQSLRGQTVNRMLHLNESAGDLLNKLEAVRILCQE-TGCAQRylAHDALNAIHQVSARIDDARGSrEHRARFAAYLDEVQERDLSLGIAMTDAKGDRSQRPHQQANPDTYVHIVDRHGTGIVISGTRPS-SPXAYMHELLVMPS,tgeqYlesLrdlkrevYldGerVedvtdhPafrpsvrsvaelYdlahdpeykdlmtatspltgervnrffhiprskeDLvkkrkmirllarktggclgR..gpDalnallattaeidealgt.eyhenfrkyleyvqendlvlthaitdpkgdRskrpseqedpdlylrvveerddGivVrGakvlaTgapladeilvmpt,2.6e-65,3.6e-61
JGI_SLUDGE_US_READ_1404557755_21,SGAEYRESLRRYRPTVYVDGELIDSVADAPTLQPGINALAVTYDFALDPAKARLMTAQQSLRGQTVNRMLHLNESAGDLLNKLEAVRILCQE-TGCAQRylAHDALNAIHQVSARIDDARGSrEHRARFAAYLEDVQKRDLSLGIAMTDAKGDRSKRPHQQANPDTYVHIVDRSGTGIVISGTRASS,tgeqYlesLrdlkrevYldGerVedvtdhPafrpsvrsvaelYdlahdpeykdlmtatspltgervnrffhiprskeDLvkkrkmirllarktggclgR..gpDalnallattaeidealgt.eyhenfrkyleyvqendlvlthaitdpkgdRskrpseqedpdlylrvveerddGivVrGakvla,1.6e-63,2.2e-59
JGI_SLUDGE_US_READ_1404901975_21,SGAEYRESLRRYRPTVYVDGELIDSVADAPTLQPGINALAVTYDFALDPAKARLMTAQQSLRGQTVNRMLHLNESAGDLLNKLEAVRILCQE-TGCAQRylAHDALNAIHQVSARIDDARGSrEHRARFAAYLEDVQKRDLSLGIAMTDAKGDRSKRPHQQANPDTYVHIVDRSGTGIVISGTRPS,tgeqYlesLrdlkrevYldGerVedvtdhPafrpsvrsvaelYdlahdpeykdlmtatspltgervnrffhiprskeDLvkkrkmirllarktggclgR..gpDalnallattaeidealgt.eyhenfrkyleyvqendlvlthaitdpkgdRskrpseqedpdlylrvveerddGivVrGakvl,4.2e-63,5.8e-59
JGI_SLUDGE_US_READ_1401972444_41,REHGARYTDNLDGERXVDRXLGIAMTERKGDRSQDTHQQANPDTYVHIVDRHGTGIVISGNKAIVTGGPYMHELLVMASRNMSAGGAEFAVCCAIPVDAPGLTIVARPAGRPGEKVEHgaALFSRRYGQSTAVVIFERVFVPWERVFFAGEWEHSGSLTYNYETHHRHSCIAARAGIGDLLI,teyhenfrkyleyvqendlvlthaitdpkgdRskrpseqedpdlylrvveerddGivVrGakvlaTgapladeilvmptralteedkdyAvafavPvdapGvklicrrssedtrsled..dplssrfdendalviFDdVfVPwerVFlygevelanklverfaayhrhqyvvrkagkldfli,3.8e-59,5.2e-55
JGI_SLUDGE_AUS_READ_1434270687_61,RVFAAEWEHRGSLTYNYATHHRHSCIAARAGFGDLLIGAGALMCEANGFapGRKASLREPMVELIKITEGFFACGVAASVYGTPDEfSGSFMPDPVFANIGKLLLATQIYDMHRLAHEVSGGLIVALPGPDEDHNPATAATLAEVLRANPDVPYDKRIEVARFIEDLTASYQGGWYSVISLHGGGSPAAMKQEIWRNYPLGSK---VELVERLLDRGVLHD,VFlygevelanklverfaayhrhqyvvrkagkldfliGlaaliaeangv..ekashvqeklaelihlretlyalgiaaeaeaeptp.sGvylpdlllanaarvlvtrlyyrivellqdlaGgglvtlPseadfenpelrpllekylrgangvsaeervkllrliedltlsefagrqelyerhgaGspeaqriailrqydleekeelkelvkkllgiedaee,9.7e-59,1.3e-54
JGI_SLUDGE_US_READ_1404977677_11,SGAEYRESLRRYRPTVYVDGELIDSVADAPSLQPGINALAVTYDFALDPAKARLMTAQQSLRGQTVNRMLHLNESAGDLLNKLEAVRILCQE-TGCAQRylAHDALNAIHQVSARIDDARGSrEHRARFAAYLDEVQERDLSLGIAMTDAXGDRSQRPHQQANPDTYVHIVDR,tgeqYlesLrdlkrevYldGerVedvtdhPafrpsvrsvaelYdlahdpeykdlmtatspltgervnrffhiprskeDLvkkrkmirllarktggclgR..gpDalnallattaeidealgt.eyhenfrkyleyvqendlvlthaitdpkgdRskrpseqedpdlylrvvee,8.9e-57,1.2e-52
JGI_SLUDGE_US_READ_1404566926_21,DLLVGAGALMCEANGFapGRKASLREPMVELIKITEGFFACGVAASVYGTPDEfSGSFMPDPVFANIGKLLLATQIYDMHRLAHEVSGGLIVALPGPDEDHNPATAATLAEVLRANPDVPYDKRIEVARFIEDLTASYQGGWYSVISLHGGGSPAAMKQEIWRNYPLGSK---VELVERLLDRGVLHD,dfliGlaaliaeangv..ekashvqeklaelihlretlyalgiaaeaeaeptp.sGvylpdlllanaarvlvtrlyyrivellqdlaGgglvtlPseadfenpelrpllekylrgangvsaeervkllrliedltlsefagrqelyerhgaGspeaqriailrqydleekeelkelvkkllgiedaee,1.7e-49,2.3e-45
JGI_SLUDGE_AUS_READ_1434237995_61,SGAEYRESLRRYRPTVYVDGELIDSVADAPSLQPGINALAVTYDFALDPAKARLMTAQQSLRGQTVNRMLHLNESAGDLLNKLEAVRILCQE-TGCAQRylAHDALNAIHQVSARIDDARGSrEHRARFAAYLDEVQERDLSLGIAMTDAKGDRSS,tgeqYlesLrdlkrevYldGerVedvtdhPafrpsvrsvaelYdlahdpeykdlmtatspltgervnrffhiprskeDLvkkrkmirllarktggclgR..gpDalnallattaeidealgt.eyhenfrkyleyvqendlvlthaitdpkgdRsk,1.3e-48,1.8e-44
JGI_SLUDGE_US_READ_1404977730_51,ASLRDPMVELIKITEGFFACGVAASVYGTPDEfSGSFMPDPVFANIGKLLLATQIYDMHRLAHEVSGGLIVALPGPDEDHNPATAATLAEVLRANPDVPYDKRIEVARFIEDLTASYQGGWYSVISLHGGGSPAAMKQEIWRNYPLGSK---VELVERLLDRGVLHD,shvqeklaelihlretlyalgiaaeaeaeptp.sGvylpdlllanaarvlvtrlyyrivellqdlaGgglvtlPseadfenpelrpllekylrgangvsaeervkllrliedltlsefagrqelyerhgaGspeaqriailrqydleekeelkelvkkllgiedaee,2.4e-44,3.4e-40
JGI_SLUDGE_US_READ_1404744959_61,MCEANGFdpGKETHXRDQMVELIKIVEGFYACGVAASTYARADAdSGSFMPEPVYSNIGKLLLANQIYDMQRIAHYVSGGLIVTLPGPDEDHNPVTAANLADVLRAAPGVPYDKRIQTARFMEDLTASYQAGWYSVISLHGGGSPAAMKQEIWRHYPVGDK---VALVERLLDRGVS,iaeangv..ekashvqeklaelihlretlyalgiaaeaeaeptp.sGvylpdlllanaarvlvtrlyyrivellqdlaGgglvtlPseadfenpelrpllekylrgangvsaeervkllrliedltlsefagrqelyerhgaGspeaqriailrqydleekeelkelvkkllgieda,2.7e-43,3.7e-39
JGI_SLUDGE_US_READ_1404752648_21,HEGFFACGVAASVYGTPDEfSGSFMPDPVFANIGKLLLATQIYDMHRLAHEVSGGLIVALPGPDEDHNPATAATLAEVLRANPDVPYDKRIEVARFIEDLTASYQGGWYSVISLHGGGSPAAMKQEIWRNYPLGSK---VELVERLLDRGVLHD,retlyalgiaaeaeaeptp.sGvylpdlllanaarvlvtrlyyrivellqdlaGgglvtlPseadfenpelrpllekylrgangvsaeervkllrliedltlsefagrqelyerhgaGspeaqriailrqydleekeelkelvkkllgiedaee,8.1e-42,1.1e-37
JGI_SLUDGE_US_READ_1404752286_21,IIELGTRSRGFFACGVAASVYGTPDEfSGSFMPDPVFANIGKLLLATQIYDMHRLAHEVSGGLIVALPGPDEDHNPATAATLAEVLRANPDVPYDKRIEVARFIEDLTASYQGGWYSVISLHGGGSPAAMKQEIWRNYPLGSK---VELVERLLDRGVLHD,laelihlretlyalgiaaeaeaeptp.sGvylpdlllanaarvlvtrlyyrivellqdlaGgglvtlPseadfenpelrpllekylrgangvsaeervkllrliedltlsefagrqelyerhgaGspeaqriailrqydleekeelkelvkkllgiedaee,1.3e-41,1.7e-37
JGI_SLUDGE_AUS_READ_1434102257_11,ACVAASVYGTPDEfSGSFMPDPVFANIGKLLLATQIYDMHRLAHEVSGGLIVALPGPDEDHNPATAATLAEVLRANPDVPYDKRIEVARFIEDLTASYQGGWYSVISLHGGGSPAAMNQEIWRNYPLGSK---VQLVERLLDRGVLHD,lgiaaeaeaeptp.sGvylpdlllanaarvlvtrlyyrivellqdlaGgglvtlPseadfenpelrpllekylrgangvsaeervkllrliedltlsefagrqelyerhgaGspeaqriailrqydleekeelkelvkkllgiedaee,1.1e-37,1.5e-33
JGI_SLUDGE_AUS_READ_1434235349_51,GEKVEHgaALFSRRYGQSTAVVIFERVFVPWERVFFAGEWEHSGSLTYNYATHHRHSCIAARAGFGDLLIGAGALMCEANGFapGRKASLREPMVELIKITEGFFACGVAASVYGTPDEfSGSFMIKL,trsled..dplssrfdendalviFDdVfVPwerVFlygevelanklverfaayhrhqyvvrkagkldfliGlaaliaeangv..ekashvqeklaelihlretlyalgiaaeaeaeptp.sGvylpdl,2e-36,2.8e-32
JGI_SLUDGE_AUS_READ_1434274860_31,DKRPDVAVLLGEVHAYLSITRSVLHAAEDRAHDWGAGAVFPHKDL-AVLRCVMPTWMTRVNEIIRALGSHNLLATPSLALFENPEIGDMLRKYLPGANGISAEDRARIMRTAWDFAGSALGSRIELYEMFYLGSQGRARIGDHMVAQRDHE---WGQVREFMQKS,ekashvqeklaelihlretlyalgiaaeaeaeptpsGvylpdlllanaarvlvtrlyyrivellqdlaGgglvtlPseadfenpelrpllekylrgangvsaeervkllrliedltlsefagrqelyerhgaGspeaqriailrqydleekeelkelvkkllgie,3.3e-36,4.6e-32
JGI_SLUDGE_AUS_READ_1434108110_61,SGAEYRESLRRYRPTVYVDGELIESVADAPSLQPGINALAVTYDFALDPAKARLMTARQSLRGQTVNRMLHLNESAGDLLNKLEAVRILCQE-TGCAQRylAHDAMKGILX,tgeqYlesLrdlkrevYldGerVedvtdhPafrpsvrsvaelYdlahdpeykdlmtatspltgervnrffhiprskeDLvkkrkmirllarktggclgR..gpDalnalla,3.6e-33,5e-29
JGI_SLUDGE_US_READ_1404565409_41,QLMSGTDYRESLRRYRPLVYVDGRRIESVADAPELQPGINALAVTYDFALDPAKAHLMTARQSWRRSPVNRMLHIDESAGDLLNKLEAVRLLCQE-TGCAQRylAHDALNAIHQV,alrtgeqYlesLrdlkrevYldGerVedvtdhPafrpsvrsvaelYdlahdpeykdlmtatspltgervnrffhiprskeDLvkkrkmirllarktggclgR..gpDalnallat,5e-32,6.8e-28
JGI_SLUDGE_US_READ_1404745311_41,VYSNIGKLLLANQIYDMQRIAHYVSGGLIVTLPGPDEDHNPVTAANLADVLRAAPGVPYDKRIQTARFMEDLTASYQAGWYSVISLHGGGSPAAMKQEIWRHYPVGDK---VALVERLLDRGVS,llanaarvlvtrlyyrivellqdlaGgglvtlPseadfenpelrpllekylrgangvsaeervkllrliedltlsefagrqelyerhgaGspeaqriailrqydleekeelkelvkkllgieda,1.5e-29,2.1e-25
JGI_SLUDGE_US_READ_1404752946_41,GFAHIGKLLLPTQIYEHASPAHEVSAGLIVALPGPDEDHNPATAATLAEVLRANPDVPYDKRIEVARFIEDLTASYQGGWYSVISLHGGGSPAAMKQEIWRNYPLGSK---VELVERLLDRGVLHD,llanaarvlvtrlyyrivellqdlaGgglvtlPseadfenpelrpllekylrgangvsaeervkllrliedltlsefagrqelyerhgaGspeaqriailrqydleekeelkelvkkllgiedaee,7.2e-29,9.9e-25
JGI_SLUDGE_US_READ_1404898173_11,QLLLATQIYDMHRLAHEVSGGLIVALPGPDEDHNPATAATLAEVLRANPDVPYDKRIEVARFVEDLTASYQGGWYSVISLHGGGSPAAMKQEIWRNYPL---GSXVQLVERLLNRGVLHD,rvlvtrlyyrivellqdlaGgglvtlPseadfenpelrpllekylrgangvsaeervkllrliedltlsefagrqelyerhgaGspeaqriailrqydleekeelkelvkkllgiedaee,1.4e-28,1.9e-24
JGI_SLUDGE_US_READ_1404556314_61,IGHLTRVVHFEAGFGPREPLVFRRRMGALGVADLQYATQHRHSCIAARAGFGDLLIGAEALMCEANGFapGRKASLREPMVELIKITEGFFACGVAASVYGTPDEfSGSFMPDPV,fdendalviFDdVfVPwerVFlygevelanklverfaayhrhqyvvrkagkldfliGlaaliaeangv..ekashvqeklaelihlretlyalgiaaeaeaeptp.sGvylpdll,4.7e-19,6.4e-15
JGI_SLUDGE_US_READ_1404566144_21,SGAEYRESLRRYRPTVYVDGELIDSVADAPSLQPGINALAVTYDFGLEPAKARLMTGQQNLRGPTVHPDA,tgeqYlesLrdlkrevYldGerVedvtdhPafrpsvrsvaelYdlahdpeykdlmtatspltgervnrff,3.2e-17,4.4e-13
JGI_SLUDGE_AUS_READ_1434101842_31,SGAEYRESLRRYRPTVYVDGELIESVADAPSLQPGIHALAVTYDFALEPGEARLMTGRQ,tgeqYlesLrdlkrevYldGerVedvtdhPafrpsvrsvaelYdlahdpeykdlmtats,9e-16,1.2e-11
JGI_SLUDGE_US_READ_1404893423_41,QLMSGSDYRESLRRYRPLVYVDGRRIESVADAPELQPGINALAVTYDFALDPAKA,alrtgeqYlesLrdlkrevYldGerVedvtdhPafrpsvrsvaelYdlahdpeyk,1.1e-14,1.5e-10
JGI_SLUDGE_US_READ_1401978610_41,QTVNRMCTSNESAGDLXNKLEAGRILCPE-TGCAQRyrAQDALNAIHQVSARIDDARGSrEHRARFAAYLEDVQERDLSLG,ervnrffhiprskeDLvkkrkmirllarktggclgR..gpDalnallattaeidealgt.eyhenfrkyleyvqendlvlt,2.9e-14,3.9e-10
JGI_SLUDGE_US_READ_1404736971_31,ARFIEDLTASYQGGWYSVISLHGGGSPAAMKQEIWRNYPLGSK---VDLVERLLDRGVLHD,lrliedltlsefagrqelyerhgaGspeaqriailrqydleekeelkelvkkllgiedaee,1.9e-12,2.7e-08
JGI_SLUDGE_US_READ_1404901975_11,KAIVTGAPYMHEFLVMPSXHMSAADADFAVCCAIPVDA,kvlaTgapladeilvmptralteedkdyAvafavPvda,1.7e-11,2.3e-07
JGI_SLUDGE_US_READ_1404753291_41,DLTASYQGGWYSVISLHGGGSPAAMKQEIWRNYPLGSK---VELVERLLDRGVLHD,dltlsefagrqelyerhgaGspeaqriailrqydleekeelkelvkkllgiedaee,2.4e-10,3.3e-06
JGI_SLUDGE_US_READ_1404982127_31,AGWYSVISLHGGGSPAAMKQEIWRNYPVGDK---VALVERLLDRGLAD,agrqelyerhgaGspeaqriailrqydleekeelkelvkkllgiedae,7.3e-08,0.001
JGI_SLUDGE_AUS_READ_1434218158_21,QKQKYVRAIAEGKAVGAFALTEPQSG-------SDATAMRCRAVKQADGSFVVNGKKSWITSGPVADYIVLFAMTDP-DKGAKGITAFMIDTSKPGF,nfrkyleyvqendlvlthaitdpkgdRskrpseqedpdlylrvveerddGivVrGakvlaTgapladeilvmptralteedkdyAvafavPvdapGv,2.2e-06,0.031
JGI_SLUDGE_AUS_READ_1434102617_51,QKQKYVRAIAEGKAVGAFALTEPQSG-------SDATAMRCRAVKQADGSFVVNGKKSWITSGPVADYIVLFAMTDP-DKGAKGITAFMIDTSKPGF,nfrkyleyvqendlvlthaitdpkgdRskrpseqedpdlylrvveerddGivVrGakvlaTgapladeilvmptralteedkdyAvafavPvdapGv,2.4e-06,0.034
JGI_SLUDGE_AUS_READ_1434244417_51,YVINGSKMWITNGMQADWCCLLANTSEGPAHKNKSLI-MVPMDAPGITRQKIEKIGMHSS------------DTAQLFFDNVRVPRRNV,ivVrGakvlaTgapladeilvmptralteedkdyAvafavPvdapGvklicrrssedtrsleddplssrfdendalviFDdVfVPwerV,3.9e-06,0.053
JGI_SLUDGE_AUS_READ_1434255367_11,AGADPTLLTTSAMRDGDEWVINGHKWFSSNASIADFLIVMVKTGDyEMPYKNYSM-IIVPTATEGVNIVRDVPTMGE-P--DHKTGEPGG--HAEIIYDNVRVPFENVV,eqedpdlylrvveerddGivVrGakvlaTgapladeilvmptral.teedkdyAvafavPvdapGvklicrrssedtrsleddplssrfdendalviFDdVfVPwerVF,7.4e-06,0.1
JGI_SLUDGE_US_READ_1404747075_11,VLTGTKQFITSGKNAKVIIVFAVTNP-EAGKKGISAFIVPTDTPGFEV,vVrGakvlaTgapladeilvmptralteedkdyAvafavPvdapGvkl,1.5e-05,0.21
JGI_SLUDGE_US_READ_1404747075_12,DHQAVQFRLADMATQIHAARCMVLHAAALREAGR-----PALTEASMAKLFASEMAERVCSSAIQTFGG,kashvqeklaelihlretlyalgiaaeaeaeptpsGvylpdlllanaarvlvtrlyyrivellqdlaGg,0.84,0.21
JGI_SLUDGE_AUS_READ_1434055635_11,SGAEXRKSLRRYRPTVYVDGELIDSVADAPSLQPGI,tgeqYlesLrdlkrevYldGerVedvtdhPafrpsv,1.6e-05,0.22
JGI_SLUDGE_US_READ_1404740730_41,EKHNDAYVLNGSKMWITNGPDADTLVVYAKTDP-DRKSRGITAFIVEKTMKGFSVAQKLDK----------LGMR-GSNTGELVFDNVEVPFENVLHQEGSGVEVLMsGLDYERvVLAGGPIGIMAACLDVAVPYVHDRKQFGQpIGEFQLVQGKLADMYSTMNAARAYVYAVAAACD,eerddGivVrGakvlaTgapladeilvmptralteedkdyAvafavPvdapGvklicrrssedtrsleddplssrfdendalviFDdVfVPwerVFlygevelankl.verfaa.yhrhqyvvrkagkldfliGlaaliaeang.vekashvqeklaelihlretlyalgiaaeaeae,1.9e-05,0.26
JGI_SLUDGE_US_READ_1404882574_11,NGYRITGQKLYISAAHVADYLMVVAKTDG-DARHKGVTLFWVDAKAAGLTMKPLETLGRRTTHAN------------EIFFDGVFVPADHVIGEENRGWSGLMKGL--NLERLCLAAQACGNMHFAIEYAKRFAQErvqfgQPISKFQAIQHKFADMRIMLRTTQALTYRLADM,dGivVrGakvlaTgapladeilvmptralteedkdyAvafavPvdapGvklicrrssedtrsleddplssrfdendalviFDdVfVPwerVFlygevelanklverfaayhrhqyvvrkagkldfliGlaaliaea.....ngvekashvqeklaelihlretlyalgiaaeae,2.9e-05,0.39
JGI_SLUDGE_US_READ_1404911192_11,EPHTGSDAAAITTRADKDGDSFVLNGVKQFITTGKHAHMAIVFAVTDKTAGKKGI-SCFLIPTATPGF--IVGRTE,rpseqedpdlylrvveerddGivVrGakvlaTgapladeilvmptralteedkdyAvafavPvdapGvklicrrss,5.1e-05,0.7
JGI_SLUDGE_AUS_READ_1434045807_51,AERRGNGWVLNGVKQFITSGRTADVALVFAVTDP-AAPKRGISCFIVPTGTAGYRVASVEKKLG,veerddGivVrGakvlaTgapladeilvmptralteedkdyAvafavPvdapGvklicrrssed,0.00012,1.6
JGI_SLUDGE_AUS_READ_1434102618_21,PGMRCRAVKQADGSFVVNGKKSWITSGPVADYIVLFAMTDPDNG-AKGITGFMIDTSKPG,pdlylrvveerddGivVrGakvlaTgapladeilvmptralteedkdyAvafavPvdapG,0.00013,1.8
JGI_SLUDGE_AUS_READ_1434046619_31,PHGESDPA-NMKTHAKKDGGdWVINGAKMWITNGNLAHIAIVWAQT------EEGIQGFIVPTNTPGFTAQVV,pseqedpdlylrvveerddG.ivVrGakvlaTgapladeilvmptralteedkdyAvafavPvdapGvklicr,0.00024,3.3
JGI_SLUDGE_AUS_READ_1434046619_32,TQAVQIKLAEMARRIT--QA-QLLVLQLGRLKDAGKMQPAQV--SMAKWNNCRIALDIAREARDILGGAGIT,ashvqeklaelihlretlyalgiaaeaeaeptpsGvylpdlllanaarvlvtrlyyrivellqdlaGgglvt,0.5,3.3
JGI_SLUDGE_AUS_READ_1434107560_61,KGEIAHAKQMNTGFAIVLAQQA-TELAAFELMLTGLQQqHAAQANQLQQKQAVEANLTEQITKDQLLY,ygevelanklverfaayhrhqyvvrkagkldfliGlaa.liaeangvekashvqeklaelihlretly,0.00026,3.6
JGI_SLUDGE_US_READ_1404626893_61,RETAEGWRINGQKIWTTGAHFSHIILALVRTEEGSERNAGLSQLLVDLDTPGITI--RPIIDMAGH-------HDFNE----VFFDDVLVP,eerddGivVrGakvlaTgapladeilvmptralteedkdyAvafavPvdapGvklicrrssedtrsleddplssrfdendalviFDdVfVP,0.00027,3.7
JGI_SLUDGE_AUS_READ_1434225576_41,WVINGAKMWITNGNLAHIAIVWAQT------EEGIQGFIVPTNTPGFTAQVVH,ivVrGakvlaTgapladeilvmptralteedkdyAvafavPvdapGvklicrr,0.00028,3.9
JGI_SLUDGE_AUS_READ_1434225576_42,AATQAVQIKLAEMARRIT--QAQ-LLVLQLGRLKDAGKMQPAQV--SMAKWNNCRIALDIAREARDILGGAGI,ekashvqeklaelihlretlyalgiaaeaeaeptpsGvylpdlllanaarvlvtrlyyrivellqdlaGgglv,0.43,3.9
JGI_SLUDGE_AUS_READ_1434241290_41,KGEIAHAKQMNTGFAIVLAQQA-TELAAFELMLTGLQQqHAAQANQLQQKQAVEANLTEQITKDQLLY,ygevelanklverfaayhrhqyvvrkagkldfliGlaa.liaeangvekashvqeklaelihlretly,0.00029,3.9
JGI_SLUDGE_US_READ_1404913466_51,DATAMRCRAVKQADGSFVINGKKSWITSGPVARYIVLFAMTEP-DKGARGITAFMVDTTRPG,edpdlylrvveerddGivVrGakvlaTgapladeilvmptralteedkdyAvafavPvdapG,0.00028,3.9
JGI_SLUDGE_AUS_READ_1434012525_61,WVINGAKMWITNGNLAHIAIVWAQT------EEGIQGFIVPTNTPGFTAQVVH,ivVrGakvlaTgapladeilvmptralteedkdyAvafavPvdapGvklicrr,0.00031,4.2
JGI_SLUDGE_AUS_READ_1434012525_62,ATQAVQIKLAEMARRIT--QAQ-LLVLQLGRLKDAGKMQPAQV--SMAKWNNCRIALDIAREARDILGGAGIT,kashvqeklaelihlretlyalgiaaeaeaeptpsGvylpdlllanaarvlvtrlyyrivellqdlaGgglvt,0.32,4.2
JGI_SLUDGE_AUS_READ_1434251216_11,KGEIAHAKQMNTGFAIVLAQQA-TELAAFELMLTGLQQqHAAQANQLQQKQAVEANLTEQITKDQLLY,ygevelanklverfaayhrhqyvvrkagkldfliGlaa.liaeangvekashvqeklaelihlretly,0.00031,4.3
JGI_SLUDGE_AUS_READ_1434013063_21,WVINGAKMWITNGNLAHIAIVWAQT------EEGIQGFIVPTNTPGFTAXVVH,ivVrGakvlaTgapladeilvmptralteedkdyAvafavPvdapGvklicrr,0.00032,4.4
JGI_SLUDGE_AUS_READ_1434051880_21,KGEIAHAKQMNTGFAIVLAQQA-TELAAFELMLTGLQQqHAAQANQLQQKQAVEANLTEQITKDQLLY,ygevelanklverfaayhrhqyvvrkagkldfliGlaa.liaeangvekashvqeklaelihlretly,0.00034,4.6
JGI_SLUDGE_AUS_READ_1434231060_41,VINGSKQFITSGQNAQVAIVFAVTDPNAGKKG-ISAFVVPTDNAGYKVAGIEKK,vVrGakvlaTgapladeilvmptralteedkdyAvafavPvdapGvklicrrss,0.00033,4.6
JGI_SLUDGE_AUS_READ_1434227592_21,KGEIAHAKQMNTGFAIVLAQQA-TELAAFELMLTGLQQqHAAQANQLQQKQAVEANLTEQITKDQLLY,ygevelanklverfaayhrhqyvvrkagkldfliGlaa.liaeangvekashvqeklaelihlretly,0.00033,4.6
JGI_SLUDGE_AUS_READ_1434248894_61,VSHRGYTNSVLEFDDCRVPAENILgeVHRGFEVANDWlG-ATRLQVAATSIGRAHRALEHALAYAAERKQfGQQIGKFQGVSFKLADMALELKAAELLTFEAAWKST,ssrfdendalviFDdVfVPwerVF..lygevelankl.verfaayhrhqyvvrkagkldfliGlaaliae.angvekashvqeklaelihlretlyalgiaaeaeae,0.00038,5.3
JGI_SLUDGE_AUS_READ_1434103645_61,KGEIAHAKQMNTGFAIVLAQQA-TELAAFELMLTGLQQqHAAQANQLQQKQAVEANLTEQITKDQLLY,ygevelanklverfaayhrhqyvvrkagkldfliGlaa.liaeangvekashvqeklaelihlretly,0.00039,5.4
JGI_SLUDGE_AUS_READ_1434055277_11,VINGSKQFITSGQNAQVAIVFAVTDPNAGKKG-ISAFVVPTDNAGYKVAGIEKK,vVrGakvlaTgapladeilvmptralteedkdyAvafavPvdapGvklicrrss,0.00041,5.6
JGI_SLUDGE_AUS_READ_1434220729_21,VINGSKQFITSGQNAQVAIVFAVTDPNAGKKG-ISAFVVPTDNAGYKVAGIEK,vVrGakvlaTgapladeilvmptralteedkdyAvafavPvdapGvklicrrs,0.00043,5.9
JGI_SLUDGE_AUS_READ_1434222134_41,VINGSKQFITSGQNAQVAIVFAVTDPNAGKKG-ISAFVVPTDNAGYKVAGIEK,vVrGakvlaTgapladeilvmptralteedkdyAvafavPvdapGvklicrrs,0.00044,6.0
JGI_SLUDGE_AUS_READ_1434233517_21,VINGSKQFITSGQNAQVAIVFAVTDPNAGKKG-ISAFVVPTDNAGYKVAGIEK,vVrGakvlaTgapladeilvmptralteedkdyAvafavPvdapGvklicrrs,0.00044,6.1
JGI_SLUDGE_US_READ_1404980529_21,KKGDRFVLNGTKMWITNGPDADVLVVYAKTDPA-AGARGMTAFLIQKDFKGFS--CAQKLDKLGM--------R-GSHTGELVFDNCEVPEENVL--GEVGRGVNVLMSGLDYERAVLSAGPIGIMQACMDVVMPYVHErkqfgQSIGEFQLVQGKIADMYVSMNASRAYVYAVAKACD,erddGivVrGakvlaTgapladeilvmptralteedkdyAvafavPvdapGvklicrrssedtrsleddplssrfdendalviFDdVfVPwerVFlygevelanklverfaayhrhqyvvrkagkldfliGlaaliaea.....ngvekashvqeklaelihlretlyalgiaaeaeae,0.00046,6.3
JGI_SLUDGE_AUS_READ_1434013328_21,SGSLTYNYATHHRHSCIAARAVFRDLLIGAGSA,anklverfaayhrhqyvvrkagkldfliGlaal,0.00069,9.4
JGI_SLUDGE_AUS_READ_1434264919_11,EEAKDFLRFLAQAEIQDMYVEMTQVEPSNSRSADPSVIQNP,eyhenfrkyleyvqendlvlthaitdpkgdRskrpseqedp,0.00072,9.9
JGI_SLUDGE_AUS_READ_1434106008_31,VTKAEKTDGGYILNGAKMWITNGTLADVAVVW,lrvveerddGivVrGakvlaTgapladeilvm,0.00099,14.0
JGI_SLUDGE_AUS_READ_1434106008_32,ELVFDSVFIPEEN,lviFDdVfVPwer,0.11,14.0
JGI_SLUDGE_US_READ_1404904338_51,MARRAEKRGDRYVLNGTKFWITNGPDADVLVVYAKTDPAAG-SKGITAFIVERTMKGFST--SPH-------F-DKLGMR-GSNTAELIFQDVEVPAENIL,ylrvveerddGivVrGakvlaTgapladeilvmptralteedkdyAvafavPvdapGvklicrrssedtrsleddplssrfdendalviFDdVfVPwerVF,0.0011,16.0
JGI_SLUDGE_US_READ_1404885675_61,TRADRDGDHFVLNGVKQFITTGKYAQVAIVFAVTDKAAGK-KGISCFLVPTTTPGYIV,rvveerddGivVrGakvlaTgapladeilvmptralteedkdyAvafavPvdapGvkl,0.0013,18.0
JGI_SLUDGE_AUS_READ_1434107860_31,ILNGTKMWITNGPDADVIVVYAKTDPQAG-------------SKGMtTFIVEKSFGFKVAQKLDKLGMRG-SNTGELVFEDVEVPEENVL--GQVGRGAAVLMSGLDYERAVLSGGPLGIMQACMDIVVpyihERKQFgQSIGEFQLIQGKMADMYTTLNACKAYVYA,vVrGakvlaTgapladeilvmptralteedkdyAvafavPvdapGv.klicrrssedtrsleddplssrfdendalviFDdVfVPwerVFlygevelanklverfaayhrhqyvvrkagkldfliGlaa....liaea.ngvekashvqeklaelihlretlyalgia,0.0023,31.0
JGI_SLUDGE_AUS_READ_1434251430_41,GWKLNGSKLYITNAPIADFLLVAARTAP-ELRGDAISLFIVELPAKGMHIDKLKKEGI--------RA----SETGLIHIEDVFVPDDCVL,GivVrGakvlaTgapladeilvmptralteedkdyAvafavPvdapGvklicrrssedtrsleddplssrfdendalviFDdVfVPwerVF,0.0043,60.0
JGI_SLUDGE_US_READ_1404976582_21,PNHGSDPSSMLTNIKDAGDHVILNGAKMWISNAPFSQVAVVW,pseqedpdlylrvveerddGivVrGakvlaTgapladeilvm,0.0095,130.0
JGI_SLUDGE_US_READ_1404976582_22,LVFDNVKVPKDNIF,viFDdVfVPwerVF,0.0075,130.0
JGI_SLUDGE_US_READ_1404976582_23,GFQLXQXKLAEMLTXNykGTIAQFgGRCADERGKVTPHQXVWPKEMAAKCY,kashvqeklaelihlr..etlyal.giaaeaeaeptpsGvylpdlllanaa,1.9,130.0
JGI_SLUDGE_AUS_READ_1434242244_51,EKVDGGYLLNGAKMWITNGTVSDVAVVW,eerddGivVrGakvlaTgapladeilvm,0.037,510.0
JGI_SLUDGE_AUS_READ_1434242244_52,LVFEDCLIPEENIL,viFDdVfVPwerVF,0.09,510.0
JGI_SLUDGE_US_READ_1404544807_51,YKVDGGYRLKGNKMWITNSPVADVFVVWX,eerddGivVrGakvlaTgapladeilvmp,0.081,1100.0
JGI_SLUDGE_US_READ_1404544807_52,IVMDDVFVPEENAF,viFDdVfVPwerVF,0.036,1100.0
JGI_SLUDGE_AUS_READ_1434044323_41,KVD-GAAHPKVATSLNNLALLYRTQVRTADAELLY,rVedvtdhPafrpsvrsvaelYdlahdpeykdlmt,0.16,2200.0
JGI_SLUDGE_AUS_READ_1434044323_42,EHPDVAQSLNNLALLYEAQGRYADA,dhPafrpsvrsvaelYdlahdpeyk,2.1,2200.0
JGI_SLUDGE_AUS_READ_1434044323_43,VEHPDVATSLNNLALTYEAQGRYSD,tdhPafrpsvrsvaelYdlahdpey,0.6,2200.0
JGI_SLUDGE_AUS_READ_1434044323_44,TDHPDVAASLNNLAELYRAQGRHSDAE,tdhPafrpsvrsvaelYdlahdpeykd,0.11,2200.0
JGI_SLUDGE_US_READ_1404640340_51,LFLVPADAPGLSITPQPAVDATR,afavPvdapGvklicrrssedtr,0.27,3700.0
JGI_SLUDGE_US_READ_1404640340_52,VASFQGVKHRMGQMLVAVETARSAVYGAACLADTRPA,vekashvqeklaelihlretlyalgiaaeaeaeptps,0.0014,3700.0
