EC,description,uniprot,transferred,unspecific_ec
1.13.11.1,"Catechol 1,2-dioxygenase.",O33948 O33950 P07773 P83715 Q43984 P81422 P95607 P86029 P31019,FALSE,1.13.11
1.13.11.11,"Tryptophan 2,3-dioxygenase.",Q8Y1D2 Q8XRY7 A7MBU6 Q7SY53 Q17P71 B4RUH2 Q2IEC3 B4UMQ6 O77457 A0JUV5 A0REX0 Q81PQ0 Q736W5 Q63AJ2 Q6HHX9 A9VHP7 Q6MM37 Q7WHE8 Q7W9B7 Q7VYS6 Q2KIQ5 Q89MN4 A5EQH6 A4YND6 B1YVH2 Q1BU34 B1JXI9 A0KA02 B4E9J1 Q0BCE0 Q39DG2 A9AGH1 A3MHE1 A2S924 Q62M99 A1V193 A3NS55 Q3JVD8 A3N6H2 Q63WP5 A8X7X9 Q09474 Q9A4E8 Q1LK00 Q0K7X7 Q55DB4 B3MQP7 B3NVC6 B4JKK1 P20351 B4L629 B4H4U3 Q29I03 B4IDV8 Q24630 B4M818 B4MSH7 B4PYW0 Q2N5X1 B1YHD4 A4IT59 A9B4J6 P48775 A6W961 Q2LD53 P48776 Q1CVR6 A1SG03 B2SY86 A1VRP1 Q126P7 Q02N70 Q9I0Q7 Q4KIP3 Q84HF6 B2U7J7 P21643 Q0SFS2 Q5LKH2 Q1GEF8 A4FH01 A8GG83 B1KJM2 A9FU01 B2FKN7 Q95NN1 Q8PQ80 Q3BYF4 Q4UZJ5 B0RMW5 Q8PDA8 Q2NYM2 B2SM13 Q5GVE4 Q5U4U6 Q5EBG2,FALSE,1.13.11
1.13.11.12,Linoleate 13S-lipoxygenase.,P08170 P93184 O24370 Q8GSM3 Q8GSM2 P38418 O24371 Q9LNR3 Q9FNX8 Q7XV13 Q9CAG3 Q8H016 P27480 P27481 P38419 Q84YK8 Q8RNT4,FALSE,1.13.11
1.13.11.16,"3-carboxyethylcatechol 2,3-dioxygenase.",Q47HM4 Q400K4 Q47GC9 Q9F9U5 A1K6Y7 C1DRI2 A4JPY0 Q9S157 P17295 Q476N0 A7ZI95 B7L504 P0ABS0 B5Z2Q3 B7NK07 B7MPB5 B7M2Z6 B1XBJ5 A7ZWZ5 P0ABR9 B7N8Q5 B6HZX4 B1LIN3 B5XQJ0 A6TAC8 A4T8B7 Q742Z0 A0R1T3 A3Q338 A1UJP3 Q1B5E3 A0PL52 A1TCX1 B2JQV7 Q13QH9 Q7N4V6 O05146 Q0SJD2 Q762H5 Q9KH19 Q3Z586 A7IDU0,FALSE,1.13.11
1.13.11.18,Persulfide dioxygenase.,Q9C8L4 Q3T094 O95571 Q9DCM0,FALSE,1.13.11
1.13.11.19,Cysteamine dioxygenase.,Q556I2 Q96SZ5 Q6PDY2,FALSE,1.13.11
1.13.11.2,"Catechol 2,3-dioxygenase.",P54721 Q53034 P17262 P17296 P08127 P31003 P06622 Q04285 P27887,FALSE,1.13.11
1.13.11.20,Cysteine dioxygenase.,Q3SZU4 Q20893 Q6NWZ9 Q16878 P60334 Q5RBQ7 P21816 O32085 Q5RLY7 D4AN26 D1MF76 Q60TI7 Q5A3Z5 Q9U8F1 Q9LXG9 Q8LGJ5 Q1G3U6 Q9SJI9 Q9LXT4,FALSE,1.13.11
1.13.11.24,"Quercetin 2,3-dioxygenase.",O00625 Q9D711 Q5M827 Q7SIC2 P42106 Q9I4D3 Q9I4C8 Q9XBR7 Q9HLU2 Q9CKD7 P73623 P9WI84 P9WI85 P65725 Q9I163 Q9HZ00 Q9KKY1 P58116 P46852,FALSE,1.13.11
1.13.11.25,"3,4-dihydroxy-9,10-secoandrosta-1,3,5(10)-triene-9,17-dione 4,5-dioxygenase.",P9WNW6 P9WNW7 Q9KWQ5,FALSE,1.13.11
1.13.11.27,4-hydroxyphenylpyruvate dioxygenase.,Q4WHU1 Q4WPV8 P93836 Q5EA20 Q60Y65 Q22633 Q1E803 P0CW94 E9CWP5 Q6TGZ5 O23920 Q76NV5 O48604 P32754 Q96X22 P49429 Q872T7 Q02110 Q9ARF9 Q9I576 P80064 P32755 Q53586 Q9S2F4 Q27203 Q5BKL0 Q6CDR5 O42764 P69053 Q5ZT84,FALSE,1.13.11
1.13.11.29,Stizolobate synthase.,I3PFJ3 I3PFJ9 Q70FG7 B6F0W8 Q7XA48 P24197,FALSE,1.13.11
1.13.11.3,"Protocatechuate 3,4-dioxygenase.",P20371 P15109 P00436 P20372 P15110 P00437,FALSE,1.13.11
1.13.11.31,Arachidonate 12-lipoxygenase.,P18054 P39655 F1LQ70 P27479 P16050 P39654 P16469 Q5RBE8 P12530 Q02759 P55249 D3ZQF9,FALSE,1.13.11
1.13.11.33,Arachidonate 15-lipoxygenase.,P27479 P16050 P39654 P16469 Q5RBE8 P12530 Q02759 Q9I4G8 O15296 Q8K4F2,FALSE,1.13.11
1.13.11.34,Arachidonate 5-lipoxygenase.,P09917 P51399 P48999 P12527,FALSE,1.13.11
1.13.11.37,"Hydroxyquinol 1,2-dioxygenase.",Q5PXQ6 Q6F4M7,FALSE,1.13.11
1.13.11.39,"Biphenyl-2,3-diol 1,2-dioxygenase.",P47231 P47232 P47233 Q8GR45 P47228 P08695 P17297 P11122,FALSE,1.13.11
1.13.11.4,"Gentisate 1,2-dioxygenase.",Q330M9 O86041 Q7X284,FALSE,1.13.11
1.13.11.43,Lignostilbene alpha-beta-dioxygenase.,Q53353 Q52008,FALSE,1.13.11
1.13.11.45,Linoleate 11-lipoxygenase.,T0JRM4 F9FRH4 Q8X151 Q8X150 G4NAP4 P0CT92,FALSE,1.13.11
1.13.11.49,Chlorite O(2)-lyase.,Q47CX0 Q9F437,FALSE,1.13.11
1.13.11.5,"Homogentisate 1,2-dioxygenase.",B9JHZ9 Q9ZRA2 Q2KYC8 Q7WNZ3 Q7W189 A9I714 Q7VUG2 Q89XH1 B1YTZ1 Q1BYQ6 B1JWJ3 A0K4Z6 B4ECX5 Q0BHW3 Q39J54 A9AFM6 A3MMH2 A2S9M1 Q62I34 A1V1U3 A3NYN0 Q3JPA3 Q63RD3 Q2SYQ6 A4JBW6 Q9Y041 B0T816 Q9A5B8 B8H072 Q0K0L8 Q46UA4 Q54QI4 Q9VKJ0 Q00667 Q93099 Q5X5S2 A5IBD8 Q9S4T0 Q5WX50 O09173 Q1D8L9 Q1QPR8 Q5VRH4 Q5RF05 Q48GS7 A6V6F5 B7VA96 Q02LF6 Q9X4G0 Q1I500 Q4KI35 A5W8Z1 Q3KHV3 B0KGU6 Q88E47 Q6EMI9 B1J390 Q87Z79 Q4ZR64 B2UJ73 Q8XRZ0 B3PWZ9 Q2K9E5 Q1MI52 Q983J4 B5ZZA8 Q9X4F5 Q2J1P2 Q07T66 Q6N0T9 Q21AX5 Q13CD3 B3QB98 C3M930 A6UDD3 Q828S5 Q9S2B5 Q8PQ74 Q3BYE8 Q4UZI9 Q8PDA2 Q2NYM7 B2SM18 Q5GVE9,FALSE,1.13.11
1.13.11.51,9-cis-epoxycarotenoid dioxygenase.,O24592 Q6YVJ0 Q9M6E8 O49505 Q5MBR6 Q9LRR7 Q5MBR5 Q69NX5 Q9C6Z1 Q5MBR3 Q9LRM7 Q9M9F5 C3VEQ3,FALSE,1.13.11
1.13.11.52,"Indoleamine 2,3-dioxygenase.",P14902 P28776 Q9ERD9 P47125,FALSE,1.13.11
1.13.11.53,Acireductone dioxygenase (Ni(2+)-requiring).,Q5YZV0 Q6D2V8 Q5YQZ5 Q6D1G3 A5FUG5 Q0VPK4 Q3M546 O67785 A0RI45 Q81MI9 Q731Q9 A7GS63 Q819E5 Q635P0 Q6HEC6 Q65KJ6 A8FCH1 O31669 A7Z3X7 A9VFE2 A5EES7 A8ANI2 A7MK12 Q3ZV00 A9BVZ7 A4W7Z2 B2VIR1 B1YIX9 Q0RQV5 Q5L1D9 A4ILL8 A9H8G4 Q5FRJ2 Q0BPT8 Q2SKZ1 B4U606 Q9ZFE7 A6T672 B0SFU6 Q04NC2 Q04WK1 B0SP94 Q75FG2 Q8EXC0 A1TZ35 Q60AP8 A8YMJ4 B0JUK9 Q8YTJ3 A7HU87 A2CBN5 Q7V8X5 Q48KM7 A6V7A7 Q02KH4 Q9I341 Q4K8J5 Q3KFI8 Q884P2 Q4ZVB9 A4VM82 Q6N7A6 B3QG72 A4FFQ4 A8GAB0 Q2NWC7 A9FCY0 Q828K8 B4STR1 B2FPP3 B2VAA3 Q31QM9 B1XPT2 Q5N3L4 A5GJ71 Q7U8G6 A5GR53 Q0ICL5 Q3AZ58 Q3AI20 Q111G3 Q8PLG1 Q3BUE7 Q4UU50 B0RSM4 Q8P9N4 Q2P3W5 B2SM83 Q5H0X9 B2I5X3 Q9PBD4 B0U3A5 Q87C37 A1JP10 A7FLL2 B2K632 A9R2Z6 A4TPN0 Q66E17 B1JIK4,FALSE,1.13.11
1.13.11.54,Acireductone dioxygenase (Fe(2+)-requiring).,O48707 A8WMD5 A8N4R7 Q5YZV0 A2Z7C4 A1L4T4 Q6D2V8 A9SDW6 C5X1F5 D7T737 Q8GXE2 A8N4R8 Q5YQZ5 A2XCT8 Q10RE5 Q6D1G3 A9SS00 F6HDT7 Q8W108 Q7XNS7 A9SCJ6 Q8H185 Q7XEJ5 A5FUG5 C0NZU2 Q0VPK4 Q3M546 O67785 Q4WDE1 A0RI45 Q81MI9 Q731Q9 A7GS63 Q819E5 Q635P0 Q6HEC6 Q65KJ6 A8FCH1 O31669 A7Z3X7 A9VFE2 Q3ZBL1 C3ZAH2 A5EES7 Q59WJ5 C4YCU0 Q5ZL43 F6W3G8 A8ANI2 A7MK12 Q3ZV00 Q5KD76 Q6PBX5 A9BVZ7 Q54ER6 Q6AWN0 Q2LZI9 Q5AQA3 A4W7Z2 B2VIR1 B1YIX9 Q0RQV5 Q5L1D9 A4ILL8 A9H8G4 Q5FRJ2 Q0BPT8 Q2SKZ1 Q9BV57 B4U606 B7PRF6 Q9ZFE7 A6T672 E9AIE8 A4HYT9 Q4QCU9 B0SFU6 Q04NC2 Q04WK1 B0SP94 Q75FG2 Q8EXC0 F6QS54 A1TZ35 Q60AP8 E9EUE8 A8YMJ4 B0JUK9 A9VCM7 F7FKV1 Q99JT9 C7Z9Z4 Q7RXR1 Q8YTJ3 A7HU87 E0W481 Q0UG91 D3BH90 A2CBN5 Q7V8X5 Q48KM7 A6V7A7 Q02KH4 Q9I341 Q4K8J5 Q3KFI8 Q884P2 Q4ZVB9 A4VM82 E3KY53 Q562C9 Q6N7A6 B3QG72 A4FFQ4 O94286 A7E4S9 A8GAB0 Q2NWC7 A9FCY0 Q828K8 B4STR1 B2FPP3 B2VAA3 Q31QM9 B1XPT2 Q5N3L4 A5GJ71 Q7U8G6 A5GR53 Q0ICL5 Q3AZ58 Q3AI20 Q111G3 D5GE59 Q8PLG1 Q3BUE7 Q4UU50 B0RSM4 Q8P9N4 Q2P3W5 B2SM83 Q5H0X9 Q3B8C8 Q6DIY2 B2I5X3 Q9PBD4 B0U3A5 Q87C37 Q6CH03 Q03677 A1JP10 A7FLL2 B2K632 A9R2Z6 A4TPN0 Q66E17 B1JIK4,FALSE,1.13.11
1.13.11.56,"1,2-dihydroxynaphthalene dioxygenase.",P11861 P0A109 P0A107 P0A108 P74836,FALSE,1.13.11
1.13.11.58,Linoleate 9S-lipoxygenase.,P37831 O24379 Q43189 Q43190 Q43191 Q41238 O22507 O22508 Q06327 P29114 P38414 Q76I22 P29250 P14856 P09439 Q7G794 P09918 P09186 Q53RB0 P38417 Q9LUW0 P27480 P38415 P27481 P38416 P24095 Q8RNT4 T0JRM4 G4NAP4 P0CT92,FALSE,1.13.11
1.13.11.6,"3-hydroxyanthranilate 3,4-dioxygenase.",A1C408 B0Y9Z9 Q4WCF1 Q2UHT9 A1C874 B0XVP0 Q4WZC3 Q2UB88 Q75CP6 A2R8S7 Q0D1U6 A0RD64 Q739J0 C1ERL1 Q0VCA8 B4EFS7 Q39LI1 Q60W34 Q19341 Q59K86 Q2HD63 Q1E5I0 P0CL87 P0CL86 Q1LCS4 Q46PT7 Q5U3F8 Q54S02 P46952 Q28SE8 A5E0Z9 A4REV8 Q78JT3 A7RIT9 A1DB76 Q7SDX3 A6X798 B2T2S5 A5DLW3 A3LP72 B2AAJ5 Q83V26 P46953 Q5LSJ4 B1KJM7 Q4P2Q7 Q8PM31 Q3BV37 Q4UT95 B0RUZ7 Q8PAD0 Q2P320 Q5H043 Q6P7I0 Q6DIZ0 Q6CFX1 P47096,FALSE,1.13.11
1.13.11.60,Linoleate 8R-lipoxygenase.,Q9UUS2 B0Y6R2 Q4WPX2 Q6RET3 G5EB19,FALSE,1.13.11
1.13.11.63,"Beta-carotene 15,15'-dioxygenase.",Q9I993 Q9HAY6 Q9JJS6 Q91XT5 Q9HNE6 Q4PNI0 B0R5N7 Q9HPU7,FALSE,1.13.11
1.13.11.65,Carotenoid isomerooxygenase.,Q9VFS2 A8Y9I2,FALSE,1.13.11
1.13.11.68,"9-cis-beta-carotene 9',10'-cleaving dioxygenase.",Q7XJM2 Q7XU29,FALSE,1.13.11
1.13.11.69,Carlactone synthase.,Q8LIY8 Q8VY26,FALSE,1.13.11
1.13.11.70,"All-trans-10'-apo-beta-carotenal 13,14-cleaving dioxygenase.",Q8LIY8 Q8VY26,FALSE,1.13.11
1.13.11.71,"Carotenoid-9',10'-cleaving dioxygenase.",Q9BYV7 Q8HXG8 Q99NF1 Q5RF16,FALSE,1.13.11
1.13.11.74,"2-aminophenol 1,6-dioxygenase.",Q6J1Z6 O33477,FALSE,1.13.11
1.13.11.79,"5,6-dimethylbenzimidazole synthase.",Q92PC8 P0CY55 D5AV14 Q2RNG5,FALSE,1.13.11
1.13.11.8,"Protocatechuate 4,5-dioxygenase.",P22635 P22636,FALSE,1.13.11
1.13.11.80,"(3,5-dihydroxyphenyl)acetyl-CoA 1,2-dioxygenase.",G4V4T6 Q8KLK7,FALSE,1.13.11
1.13.11.81,"7,8-dihydroneopterin oxygenase.",P0A581 O69529 P9WNC4 P9WNC5,FALSE,1.13.11
1.13.12.16,Nitronate monooxygenase.,P47177 O05413 Q12723 Q01284 Q9I4V0 A6U025 Q2FIF3 Q2FZX9 A5IR97 Q5HHG4 A6QFD2 Q99VF6 Q6GIG7 Q6GB05 A8Z1H7 Q8NXG7 Q4L4T4 Q49W60,FALSE,1.13.12
1.13.12.19,2-oxuglutarate dioxygenase (ethylene-forming).,Q9Z377 Q7BS31 Q7BS32 P32021 Q9Z3T0 Q8XPV7,FALSE,1.13.12
1.13.12.3,Tryptophan 2-monooxygenase.,P25017 Q09109 P0A3V2 Q04564 Q47861 P06617 P0A3V3,FALSE,1.13.12
1.13.12.4,Lactate 2-monooxygenase.,P21795 O33655 Q9HDX2,FALSE,1.13.12
1.13.12.7,Firefly luciferase.,Q01158 P13129 Q26304 Q27757 P08659,FALSE,1.13.12
1.14.11.1,Gamma-butyrobetaine dioxygenase.,Q19000 O75936 Q924Y0 Q5R5D8 P80193 Q9QZU7 Q98KK0,FALSE,1.14.11
1.14.11.13,Gibberellin 2-beta-dioxygenase.,Q8LEA2 Q9SQ80 Q9XFR9 Q9XHM5 O64692 Q9C7Z1 Q9FZ21 Q9C6I4 O49561 Q9XG83,FALSE,1.14.11
1.14.11.15,Gibberellin 3-beta-dioxygenase.,Q3I411 Q3I410 Q3I409 Q39103 Q9ZT84 Q9SVS8 Q9C971 O24648,FALSE,1.14.11
1.14.11.16,Peptide-aspartate beta-dioxygenase.,Q28056 Q12797 Q8BSY0,FALSE,1.14.11
1.14.11.18,Phytanoyl-CoA dioxygenase.,Q10E49 Q65WW7 Q9ZVF6 O18778 O62515 P0DPA0 O14832 O35386 P57093,FALSE,1.14.11
1.14.11.19,Anthocyanidin synthase.,A2WQ39 Q93VC3 Q67VR7 Q96323 P41213 P51091 O04274 P51092 P51093,FALSE,1.14.11
1.14.11.2,Procollagen-proline 4-dioxygenase.,F4JZ24 Q9SZT0 Q8GXT7 F4ILF8 Q9ZW86 F4JAU3 Q9LN20 Q8LAN3 Q24JN5 F4J0A8 Q8L970 F4JNU8 Q8VZJ7 Q1RMU3 Q10576 P16924 P13674 Q60715 Q5RAG8 P54001 Q20065 Q5ZLK5 O15460 Q60716 Q75UG4 Q7Z4N8 Q6W3F0 Q6W3E9 Q5UP57,FALSE,1.14.11
1.14.11.21,Clavaminate synthase.,Q05581 Q05582,FALSE,1.14.11
1.14.11.23,Flavonol synthase.,Q96330 Q9FFQ5 F4KAS1 Q9FFQ4 F4K7D5 Q9ZWQ9 Q9M547 Q9XHG2 O04395 Q7XZQ6 Q07512 Q41452,FALSE,1.14.11
1.14.11.26,Deacetoxycephalosporin-C hydroxylase.,P42219 P42220 P11935,FALSE,1.14.11
1.14.11.27,[Histone H3]-lysine-36 demethylase.,Q75AL5 Q4WHB7 Q60V67 Q95Q98 Q5A847 Q6FPL6 P0CO41 P0CO40 Q6BXJ4 Q9VHH9 Q5AW75 Q6CIC9 O94603 Q4P5U1 Q6C423 P40034 Q9Y2K7 P59997 Q5U263 Q8NHM5 Q6P1G2 Q640I9 Q1JP61 A8E534 Q8N371 Q9CXT6 Q497B8 B5XF11 B2GUS6 Q16W06 C3XRY1 A8QFQ3 A8XEA2 O01658 B0WMG3 Q54K96 B3MSI4 B3NU20 B4JMQ2 Q7K4H4 B4L6Q5 B4GUZ2 B5DUH6 B4I100 B4R4H1 B4M7P8 B4NP88 B4Q068 Q9UPP1 Q80TJ7 A5PK74 Q5ZMM1 A3KP59 Q9H6W3 Q9JJF3 D3ZU57,FALSE,1.14.11
1.14.11.28,Proline 3-hydroxylase.,P96010 O09345,FALSE,1.14.11
1.14.11.29,Hypoxia-inducible factor-proline dioxygenase.,G5EBV0 Q9GZT9 Q91YE3 P59722 Q96KS0 Q91YE2 Q6AYU4 Q9H6Z9 Q91UZ4 Q62630,FALSE,1.14.11
1.14.11.30,Hypoxia-inducible factor-asparagine dioxygenase.,P59723 Q9NWT6 Q8BLR9,FALSE,1.14.11
1.14.11.33,DNA oxidative demethylase.,Q13686 P0CB42 Q9SIE0 Q58DM4 Q6NS38 Q6P6J4 P0CAT7 B8GWW6 P05050 P37462,FALSE,1.14.11
1.14.11.34,2-oxoglutarate/L-arginine monooxygenase/decarboxylase (succinate-forming).,Q9Z377 Q7BS31 Q7BS32 P32021 Q9Z3T0 Q8XPV7,FALSE,1.14.11
1.14.11.35,1-deoxypentalenic acid 11-beta-hydroxylase.,E3VWK0 E3VWI4 Q82IZ1,FALSE,1.14.11
1.14.11.36,Pentalenolactone F synthase.,E3VWK4 E3VWI8 Q82IY7,FALSE,1.14.11
1.14.11.38,Verruculogen synthase.,B9WZX5 Q4WAW9 A1DA64,FALSE,1.14.11
1.14.11.4,Procollagen-lysine 5-dioxygenase.,O77588 P24802 Q02809 Q9R0E2 Q5R9N3 Q63321 O00469 Q9R0B9 Q811A3 O60568 Q9R0E1 Q5R6K5 Q5U367 Q20679 Q5UQC3,FALSE,1.14.11
1.14.11.41,L-arginine hydroxylase.,Q6WZB0 C7Q942,FALSE,1.14.11
1.14.11.42,tRNA(Phe) (7-(3-amino-3-carboxypropyl)wyosine(37)-C(2))-hydroxylase.,E1C7T6 Q08BV2 A2RUC4 A2RSX7,FALSE,1.14.11
1.14.11.43,(S)-dichlorprop dioxygenase (2-oxoglutarate).,P83309 Q700X4,FALSE,1.14.11
1.14.11.44,(R)-dichlorprop dioxygenase (2-oxoglutarate).,P83310 Q8KSC8,FALSE,1.14.11
1.14.11.51,DNA N(6)-methyladenine demethylase.,Q13686 P0CB42 M9NEY8 Q8MNT9,FALSE,1.14.11
1.14.11.54,mRNA N(1)-methyladenine demethylase.,Q32L00 Q96Q83 Q8K1E6 Q5XIC8,FALSE,1.14.11
1.14.11.55,Ectoine hydroxylase.,Q7WHJ0 Q7W977 Q5YW75 Q6QUY7 Q829L6 Q93RV9 Q2TDY4,FALSE,1.14.11
1.14.11.56,L-proline cis-4-hydroxylase.,Q989T9 Q92LF6,FALSE,1.14.11
1.14.11.6,Thymine dioxygenase.,Q4DBW3 Q4DLX9 Q9U6M2 A4H5X5 A4HU70 Q4QHM7 Q9U6M1 P86938 P86937 A4H7G5 A4HVU6 Q4QFY1 B6EU02 Q57X81 Q4DCH3,FALSE,1.14.11
1.14.11.7,Procollagen-proline 3-dioxygenase.,Q6JHU8 Q32P28 Q3V1T4 Q9R1J8 Q6JHU7 Q8IVL5 Q8CG71 Q4KLM6 Q8IVL6 Q8CG70,FALSE,1.14.11
1.14.11.8,Trimethyllysine dioxygenase.,Q0VC74 Q5F4B3 Q9NVH6 Q91ZE0 Q96UB1 A5DCB6 Q91ZW6,FALSE,1.14.11
1.14.11.9,Flavanone 3-dioxygenase.,Q7XM21 Q8W2X5 Q7XR84 Q9S818 Q05963 Q05964 P28038 Q06942 Q05965 Q7XZQ7 Q07353 P41090 Q96330 Q9ZWQ9 Q9M547 Q9XHG2 O04395 Q7XZQ6 Q07512 Q41452,FALSE,1.14.11
1.14.11.n2,Methylcytosine dioxygenase.,Q8NFU7 Q3URK3 Q6N021 Q4JK59 A0A1L8GSA2 K9JHZ4 O43151 Q8BG87 A0JP82,FALSE,1.14.11
1.14.11.n4,Ankyrin-repeat-histidine dioxagenase.,P59723 Q9NWT6 Q8BLR9,FALSE,1.14.11
1.14.12.1,"Anthranilate 1,2-dioxygenase (deaminating, decarboxylating).",Q84BZ3 Q84BZ2 O85673 O85674,FALSE,1.14.12
1.14.12.10,"Benzoate 1,2-dioxygenase.",P07769 P07770,FALSE,1.14.12
1.14.12.11,Toluene dioxygenase.,A5W4F2 P0C618 A5W4F1 P0C619,FALSE,1.14.12
1.14.12.12,"Naphthalene 1,2-dioxygenase.",Q51494 O07824 P0A110 P0A111 O52382,FALSE,1.14.12
1.14.12.13,"2-halobenzoate 1,2-dioxygenase.",Q51601 Q51602,FALSE,1.14.12
1.14.12.14,"2-aminobenzenesulfonate 2,3-dioxygenase.",Q9RBG5 Q9RBG4,FALSE,1.14.12
1.14.12.15,"Terephthalate 1,2-dioxygenase.",Q3C1E3 Q3C1D5 Q3C1E2 Q3C1D4 Q3C1E0 Q3C1D2,FALSE,1.14.12
1.14.12.17,Nitric oxide dioxygenase.,Q9UAG7 Q54D73 Q59MV9 Q03331 Q9URY5 P39676 E1F8Q4 E1F8H4 Q81T23 Q73B49 Q81FW4 Q9RC40 Q6HLA6 P49852 Q7WHW5 Q7TTP2 Q7TTP0 Q8GAZ4 Q7NSD8 P39662 Q9RYR5 Q47266 Q7ABK6 Q8FF30 P24232 C6LR75 E2RTZ4 Q8ETH0 Q6D245 Q7N215 Q6LM37 Q9I0H4 Q88PP0 Q7WUM8 Q7UIY1 Q57LF5 Q5PIH6 Q8Z4M3 P26353 Q7C0F9 Q9KMY3 P40609 Q8DCU2 Q7MH09 Q9PH91 Q87F90 Q8ZCR0,FALSE,1.14.12
1.14.12.18,"Biphenyl 2,3-dioxygenase.",Q52438 Q53122 Q52439 Q53123 Q46372 P37333 Q52028 Q46373 P37334,FALSE,1.14.12
1.14.12.19,3-phenylpropanoate dioxygenase.,P0ABR6 A8A344 P0ABR5 Q7N4W0 Q31XV2 Q0T1Y1 Q83K39 Q3YZ15 A7ZPY2 B7LDD1 Q8XA73 B5Z112 B7NRI8 B7M7P2 C4ZXB4 B1XB14 A8A345 B1IVT8 Q47140 B7N6C6 B6I5B2 B1LNJ5 Q7N4V9 Q31XV1 Q0T1Y0 Q83K38 Q3YZ14,FALSE,1.14.12
1.14.12.22,"Carbazole 1,9a-dioxygenase.",Q8G8B6 D5IGG0,FALSE,1.14.12
1.14.12.3,"Benzene 1,2-dioxygenase.",Q07944 Q07945 A5W4F2 P0C618 A5W4F1 P0C619,FALSE,1.14.12
1.14.12.7,"Phthalate 4,5-dioxygenase.",Q05182 Q05183,FALSE,1.14.12
1.14.13.1,Salicylate 1-monooxygenase.,P23262 Q53552,FALSE,1.14.13
1.14.13.102,Psoralen synthase.,Q6QNI4 C0SJS4 C0SJS2,FALSE,1.14.13
1.14.13.11,Trans-cinnamate 4-monooxygenase.,P92994 P48522 O81928 Q96423 Q04468 P37114 Q43067 Q43033 Q43054 O24312 Q9AR74 Q42797 P37115 Q43240,FALSE,1.14.13
1.14.13.111,Methanesulfonate monooxygenase (NADH).,Q9X404 Q9X405 P70752 Q9X406,FALSE,1.14.13
1.14.13.112,3-epi-6-deoxocathasterone 23-monooxygenase.,Q9M066 Q94IA6,FALSE,1.14.13
1.14.13.113,FAD-dependent urate hydroxylase.,Q6F6Y2 B5B0J6 A6T923 B6D1N4 A1TFU9 Q8PDQ6,FALSE,1.14.13
1.14.13.114,6-hydroxynicotinate 3-monooxygenase.,P86491 Q88FY2,FALSE,1.14.13
1.14.13.120,Costunolide synthase.,F8S1I0 G3GBK0,FALSE,1.14.13
1.14.13.122,Chlorophyllide a oxygenase.,Q9MBA1 Q9ZWM5 Q9XJ38 Q8S7E1,FALSE,1.14.13
1.14.13.123,Germacrene A hydroxylase.,D5JBX1 D5JBW8 D5JBX0 D5J9U8 D5JBW9,FALSE,1.14.13
1.14.13.125,Tryptophan N-monooxygenase.,O81346 Q501D8,FALSE,1.14.13
1.14.13.127,3-(3-hydroxy-phenyl)propanoic acid hydroxylase.,A4JPY1 A4JQH4 Q1BGA7 A0KE38 Q9S158 Q476N1 A7ZI94 B7L503 Q8X680 B5Z2Q2 B7NK08 B7MPB4 B7M2Z5 B1XBJ4 A7ZWZ4 P77397 B7N8Q4 B6HZX3 B1LIN2 B5XQI9 A6TAC9 A0QB57 A4T8B6 Q742Z1 A0R1T4 A3Q339 A1UJP4 Q1B5E2 A1TCX2 Q13QI0 Q3Z585,FALSE,1.14.13
1.14.13.136,2-hydroxyisoflavanone synthase.,Q9SWR5 Q9SXS3 G4XV71,FALSE,1.14.13
1.14.13.141,Cholest-4-en-3-one 26-monooxygenase ((25S)-3-oxocholest-4-en-26-oateforming).,P63710 A0R4Y3 P9WPP0 P9WPP1 Q0S7M1,FALSE,1.14.13
1.14.13.142,3-ketosteroid 9-alpha-monooxygenase.,F1CMX0 F1CMX8 B6V6V5 F1CMY8 A0R4R3 P71875 A0R525 P9WJ92 P9WJ93 B6V6V6,FALSE,1.14.13
1.14.13.145,"Ent-cassa-12,15-diene 11-hydroxylase.",Q69X58 Q6YTF1,FALSE,1.14.13
1.14.13.148,Trimethylamine monooxygenase.,Q8HYJ9 Q95LA1 P31513 Q8SPQ7 P97501 Q7YS44 P32417 Q9EQ76,FALSE,1.14.13
1.14.13.152,Geraniol 8-hydroxylase.,Q8VWZ7 D1MI46,FALSE,1.14.13
1.14.13.163,6-hydroxy-3-succinoylpyridine 3-monooxygenase.,B1N1A2 F8G0M4,FALSE,1.14.13
1.14.13.166,4-nitrocatechol 4-monooxygenase.,Q6F4M8 Q6F4M9,FALSE,1.14.13
1.14.13.168,Indole-3-pyruvate monooxygenase.,Q9FVQ0 Q9LPL3 Q9SZY8 Q9SVQ1 O23024 Q9LFM5 Q9LKC0 Q8VZ59 O49312 Q9SVU0 O64489,FALSE,1.14.13
1.14.13.170,Pentalenolactone D synthase.,E3VWK3 E3VWI7,FALSE,1.14.13
1.14.13.172,Salicylate 5-hydroxylase.,O52379 O52380,FALSE,1.14.13
1.14.13.173,11-oxo-beta-amyrin 30-oxidase.,H1A988 H1A981,FALSE,1.14.13
1.14.13.174,Averantin hydroxylase.,Q12732 M2YJD1,FALSE,1.14.13
1.14.13.175,Aflatoxin B synthase.,O13345 A0A0D9MRV9 P0CT93 B8NHY4,FALSE,1.14.13
1.14.13.176,Tryprostatin B 6-hydroxylase.,B9WZX1 Q4WAW5 A1DA60,FALSE,1.14.13
1.14.13.177,Fumitremorgin C monooxygenase.,B9WZX6 Q4WAX0 A1DA65,FALSE,1.14.13
1.14.13.180,Aklavinone 12-hydroxylase.,P72495 Q54530 P32009,FALSE,1.14.13
1.14.13.181,13-deoxydaunorubicin hydroxylase.,Q93MI2 Q9ZAU3 Q59971,FALSE,1.14.13
1.14.13.182,2-heptyl-3-hydroxy-4(1H)-quinolone synthase.,Q02N79 Q9I0Q0,FALSE,1.14.13
1.14.13.192,Oryzalexin E synthase.,Q6YTF5 Q6Z5I7,FALSE,1.14.13
1.14.13.194,Phylloquinone omega-hydroxylase.,P78329 Q9HBI6,FALSE,1.14.13
1.14.13.195,L-ornithine N(5)-monooxygenase (NADPH).,O51940 Q51548,FALSE,1.14.13
1.14.13.196,L-ornithine N(5)-monooxygenase (NAD(P)H).,E9QYP0 Q2TZB2 G5EB76 Q9P7T0 P56584,FALSE,1.14.13
1.14.13.197,Dihydromonacolin L hydroxylase.,Q9Y7C8 Q3S2T8,FALSE,1.14.13
1.14.13.198,Monacolin L hydroxylase.,Q9Y7C8 Q3S2T8,FALSE,1.14.13
1.14.13.199,Docosahexaenoic acid omega-hydroxylase.,Q08477 Q6ZWL3 Q9DBW0 Q5RCN6 A2RRT9,FALSE,1.14.13
1.14.13.2,4-hydroxybenzoate 3-monooxygenase.,Q03298 P20586 P00438,FALSE,1.14.13
1.14.13.20,"2,4-dichlorophenol 6-monooxygenase.",P27138 Q8KN28,FALSE,1.14.13
1.14.13.205,Long-chain fatty acid omega-monooxygenase.,Q9C788 P48422 P20816 P14579 P14580 P14581 O88833 P08516 Q02928 O35728 P20817 Q5TCH4 Q8SPK1 Q8SPK0,FALSE,1.14.13
1.14.13.206,Laurate 7-monooxygenase.,Q9LNJ4 Q7EZR4,FALSE,1.14.13
1.14.13.208,"Benzoyl-CoA 2,3-epoxidase.",Q9AIX6 Q9AIX7,FALSE,1.14.13
1.14.13.21,Flavonoid 3'-monooxygenase.,Q7G602 Q8LM92 Q9SD85 Q9SBQ9,FALSE,1.14.13
1.14.13.221,Cholest-4-en-3-one 26-monooxygenase  ((25R)-3-oxocholest-4-en-26-oateforming).,P0A517 P9WPP2 P9WPP3 A0R4Q6 P9WPL4 P9WPL5,FALSE,1.14.13
1.14.13.225,F-actin monooxygenase.,F1RA39 F1QH17 F1QWK4 F1MH07 E7F9T0 Q8TDZ2 Q8VDP3 D3ZBP4 F1MF74 O94851 Q8BML1 D4A1F2 F6QZ15 G3MWR8 Q7RTP6 Q8CJ19 Q86BA1,FALSE,1.14.13
1.14.13.227,Propane 2-monooxygenase.,E9RFS9 A0QTU8 E9RFT1 I7FA35 Q768T5 Q0SJK9 Q768T3 Q0SJK7,FALSE,1.14.13
1.14.13.232,6-methylpretetramide 4-monooxygenase.,Q3S8R0 Q3S8Q4,FALSE,1.14.13
1.14.13.236,Toluene 4-monooxygenase.,Q00456 Q00457 Q00460,FALSE,1.14.13
1.14.13.237,Aliphatic glucosinolate S-oxygenase.,Q9SS04 Q94K43 Q9SXE1 Q93Y23 A8MRX0,FALSE,1.14.13
1.14.13.24,3-hydroxybenzoate 6-monooxygenase.,Q9F131 Q0QFQ1 Q8NLB6 Q5EXK1 Q3S4B7,FALSE,1.14.13
1.14.13.25,Methane monooxygenase (soluble).,P22869 P27353 P18798 P27354 P11987 P27355 P22868 Q53563,FALSE,1.14.13
1.14.13.29,4-nitrophenol 2-monooxygenase.,Q6F4M8 Q6F4M9 Q8RQQ0,FALSE,1.14.13
1.14.13.30,Leukotriene-B(4) 20-monooxygenase.,P78329 Q08477 Q99N16 Q3MID2 Q9EP75,FALSE,1.14.13
1.14.13.38,Anhydrotetracycline 6-monooxygenase.,Q58PK7 L8EUQ6,FALSE,1.14.13
1.14.13.39,Nitric-oxide synthase (NADPH).,Q66GP9 P29475 Q9Z0J4 O19132 P29476 Q29498 Q27995 O62699 Q28314 Q92037 O54705 Q90703 P35228 O46660 P29477 Q92091 P79290 O19114 Q06518 P29473 Q9TUX8 P97270 P29474 P70313 Q28969 Q62600 P79209 B1B557 O61608 Q8T8C0 Q27571 O61309 Q6YPG5 Q26240 Q9I9M2,FALSE,1.14.13
1.14.13.47,(S)-limonene 3-monooxygenase.,Q9XHE7 Q9XHE6 Q6WKY9 Q6IV13,FALSE,1.14.13
1.14.13.55,Protopine 6-monooxygenase.,F2Z9C1 L7X0L7,FALSE,1.14.13
1.14.13.59,L-lysine N(6)-monooxygenase (NADPH).,P11295 Q7TYQ9 Q73XY8 Q1B6B3 P9WKF6 P9WKF7,FALSE,1.14.13
1.14.13.69,Alkene monooxygenase.,O87082 Q9ZET6 Q9ZET3,FALSE,1.14.13
1.14.13.7,Phenol 2-monooxygenase (NADPH).,P19729 Q7WTJ6 P19730 P19731 P19732 P19733 Q7WTJ2 P19734 P31020 P15245 Q01551,FALSE,1.14.13
1.14.13.70,Sterol 14-alpha-demethylase.,Q9SAA9 Q4PJW3 Q16850 Q4R8S6 Q8K0C4 O46420 Q5RE72 Q64654 Q759W0 P10613 P50859 P14263 Q9UVC3 Q1ZXH9 Q5UQI3 P0A513 P9WPP8 P9WPP9 Q5IZM4 Q12664 Q02315 Q09736 P93846 Q7Z1V1 O14442 P49602 P93596 P10614 Q1JPY5,FALSE,1.14.13
1.14.13.71,N-methylcoclaurine 3'-monooxygenase.,O64899 Q9FXW4 O64900 Q9SP06,FALSE,1.14.13
1.14.13.73,Tabersonine 16-hydroxylase.,P98183 U5HKE8,FALSE,1.14.13
1.14.13.78,Ent-kaurene oxidase.,Q5Z5R4 S0E3D0 Q93ZB2 O94142 Q701P2,FALSE,1.14.13
1.14.13.79,Ent-kaurenoic acid oxidase.,O23051 Q9AXH9 Q9C5Y2 Q5VRM7,FALSE,1.14.13
1.14.13.8,Flavin-containing monooxygenase.,Q95LA2 P49328 Q01740 P50285 P16549 P17636 P36365 P36366 Q8HZ69 Q99518 Q28505 Q8K2I3 Q8HZ70 Q5REK0 P17635 Q6IRI9 Q8HYJ9 Q95LA1 P31513 Q8SPQ7 P97501 Q7YS44 P32417 Q9EQ76 P31512 Q8VHG0 P36367 Q8K4B7 P49109 P49326 P97872 Q04799 Q8K4C0 O60774,FALSE,1.14.13
1.14.13.81,Magnesium-protoporphyrin IX monomethyl ester (oxidative) cyclase.,Q8YX57 P72584 Q8DJ05 Q8YVU4 P74134 Q8DI68 Q8YRZ2 A5EQ73 A4YNQ1 Q9TLR8 Q85FX6 Q7NFA1 Q6B8U1 P51277 A3PD22 A8G4Z1 A2CDU0 A9BAI8 A2BWG6 Q31AS9 Q7VBV0 Q7V3Y9 Q7V1M1 A2BR98 Q1XDK9 Q2ISZ6 Q6N9J7 Q132P2 B3Q7D4 P0DJN9 I0HUK7 Q31LY2 Q5MZZ2 A5GKR3 Q7U6Y8 A5GU20 Q0IAL0 Q3AK18 Q118B4 Q9M591 Q9LD46 Q945B7 Q6SJV8 Q5EFU4 Q9AR22,FALSE,1.14.13
1.14.13.82,Vanillate monooxygenase.,P12609 O05616,FALSE,1.14.13
1.14.13.88,"Flavonoid 3',5'-hydroxylase.",P48418 P37120 P48419 Q96581 Q96418 O04773 O04790,FALSE,1.14.13
1.14.13.9,Kynurenine 3-monooxygenase.,A2Q9N7 A2QMH1 A2QPD9 Q86PM2 Q7Q6A7 Q751I2 A1CT23 B0Y7C3 Q4WN75 Q2UPP1 Q0CRI5 A8Y432 Q21795 Q5A7M3 Q2GQG8 P0CO49 P0CO48 Q11PP7 Q1RLY6 Q6BV21 Q54RE8 A1Z746 P0CU30 Q5B2N0 A5FMP6 A6H1P4 A0M4X2 O15229 A5IG23 Q5WY16 Q91WN4 Q1DDU6 A1DMD5 Q7S3C9 Q0V5K1 A3LNF8 Q9MZS9 Q84HF5 O88867 A8LVF4 A4XD40 B2FL98 Q4P0N0 Q8PM34 Q3BV41 Q4UT92 B0RV00 Q8PAD3 Q2P316 B2SIT6 Q5H038 Q6DIZ8 Q6C9M8 P38169,FALSE,1.14.13
1.14.13.93,(+)-abscisic acid 8'-hydroxylase.,Q949P1 Q09J79 Q05JG2 O81077 Q09J78 Q6ZDE3 Q9FH76 A2Z212 Q0J185 Q9LJK2,FALSE,1.14.13
1.14.13.n7,4-nitrophenol 2-hydroxylase.,O18963 Q9MZY0 P05181 P33266 Q6GUQ4 P51581 Q05421 P79383 P08682 P05182,FALSE,1.14.13
1.14.14.1,Unspecific monooxygenase.,Q81BF4 Q9PVE8 Q98T91 Q8AXY5 Q2UNA2 Q9Y8G7 O23066 Q9LMM1 Q9CAD6 O80823 Q3LFU0 P56590 Q06367 Q92039 P79716 Q5KQT7 P04798 O42430 O42231 Q9W683 P33616 Q6GUR1 Q00557 Q92148 P00184 Q92110 Q92095 Q6JZS3 P98181 Q9YH64 Q92100 P05176 P00185 P56591 O42457 Q92116 Q3LFT9 O77810 P56592 Q64391 Q01741 Q5KQT6 P05177 O77809 Q4H4C3 P24453 P00186 Q5RBQ1 P00187 P04799 Q92109 P79760 P79761 Q16678 Q64429 Q64678 P56654 P56655 P56656 P56657 O62671 P79402 Q6XVG2 Q9D816 P33273 Q91W64 P19225 P11711 P15149 P20812 P15392 P20852 P20853 P80055 P24454 P24455 Q05555 Q05556 P56593 Q16696 P22779 P00176 P04167 P13107 P00178 P12789 P12790 P12791 P24460 P33272 Q64583 O55071 P34033 P00180 P00181 P00182 P11371 P00179 P05178 P05179 P10632 P08683 P11510 P20814 P17666 P11372 P15123 P33260 P33262 P56594 P24470 Q08078 P33263 P33264 P33265 Q64458 Q29510 Q29478 P10633 P12938 Q64680 P10635 Q2XNC9 Q2XNC8 A0A087X1C5 P11714 P24456 P12939 P24457 Q01361 Q29473 Q64403 Q29488 O18992 Q8CIM7 P10634 P24903 O18809 Q8WNE1 P24461 P10610 P05180 P20678 P52786 P51589 P51590 O54749 O54750 Q92090 O93299 O93297 Q27712 Q92088 Q96SQ9 Q9DBX6 Q0IIF9 Q7Z449 Q9CX98 Q4V8D1 Q9JMA7 Q9HB55 P04800 P05183 P20815 P80056 P11707 P24462 P33268 P51538 Q64459 P24463 Q64464 Q64417 Q64406 Q64481 Q64409 Q64581 P79152 O18993 Q29496 O09158 O42563 P79102 P79401 O70537 P10611 P24464 P13584 Q64462 P15128 P15129 P29981 Q91WL5 Q964T1 P33274 P51869 P51870 P51871 P98187 Q9HCS2 Q8N118 Q6A152 Q8K4D6 Q86W10 P13527 Q04552 Q27664 Q27756 Q27902 Q95036 Q95031 O61387 P14779 Q91X77 O08336 O08394 Q9HGE0,FALSE,1.14.14
1.14.14.11,Styrene monooxygenase.,O06834 O50214,FALSE,1.14.14
1.14.14.12,"3-hydroxy-9,10-secoandrosta-1,3,5(10)-triene-9,17-dione monooxygenase.",P9WJA0 P9WJA1 Q0S811,FALSE,1.14.14
1.14.14.13,4-(gamma-L-glutamylamino)butanoyl-[BtrI acyl-carrier protein]monooxygenase.,Q4H4E5 Q4H4E3,FALSE,1.14.14
1.14.14.14,Aromatase.,O42145 P79690 Q29624 O73686 P79430 P79304 Q6QHT9 P46194 Q95M61 Q5QQX7 Q6YI21 P19098 P79699 O46512 P11511 Q92111 Q69FB6 P28649 P70091 Q92087 Q29605 P22443 Q9XS28 Q92112,FALSE,1.14.14
1.14.14.16,Steroid 21-monooxygenase.,P00191 Q8WNW0 Q2LCM1 Q2LA60 P08686 Q2LA59 P03940 P15540 Q64562,FALSE,1.14.14
1.14.14.17,Squalene monooxygenase.,O65404 O65727 O65402 O65726 O65403 Q9SM02 O81000 Q8VYH2 Q75F69 Q92206 O13306 Q14534 P52019 O48651 P52020 Q9C1W3 P32476,FALSE,1.14.14
1.14.14.18,Heme oxygenase (biliverdin-producing).,C3PAD1 C3L7Z8 A0RJE3 Q81L50 B7JR48 Q72ZK2 B7IJU1 C1ETY1 B7HF56 B7HRI4 B9J044 Q812Q3 Q633Q1 Q9K7R6 Q6HCY5 Q5WCF2 A9VJK2 Q7AP29 C1KZZ5 Q723G7 B8DCJ3 Q92EH3 A0AFT8 O31534 P38049 O48782 Q5E9F2 P14791 P09601 P14901 Q69XJ4 P32394 Q5R7E3 P06762 P30519 Q2PG53 O70252 P43242 P23711 Q9C9L4 O70453 Q9LQC0 O73688 P71119 Q8YVS7 P72849 P74133 O78497 P51271 Q1XDL5 O19998 A0A0H2XEA6 P9WKH2 P9WKH3,FALSE,1.14.14
1.14.14.19,Steroid 17-alpha-monooxygenase.,Q9GMC7 P05185 Q9N0U7 Q64410 P12394 Q9GMC8 Q95328 P05093 O73853 Q2XVA1 Q8HYM9 P70687 P27786 P30437 P70085 Q8HYN1 Q8HYN0 Q9GLD2 Q91Z85 P19100 O57525 P11715 Q29497 Q92113,FALSE,1.14.14
1.14.14.23,Cholesterol 7-alpha-monooxygenase.,P46634 P22680 Q64505 O46491 P51542 P18125,FALSE,1.14.14
1.14.14.24,Vitamin D 25-hydroxylase.,Q6VVX0 Q6VVW9,FALSE,1.14.14
1.14.14.25,Cholesterol 24-hydroxylase.,Q9Y6A2 Q9WVK8,FALSE,1.14.14
1.14.14.26,24-hydroxycholesterol 7-alpha-hydroxylase.,Q9NYL5 Q9JKJ9,FALSE,1.14.14
1.14.14.29,25/26-hydroxycholesterol 7-alpha-hydroxylase.,O75881 Q60991 Q63688,FALSE,1.14.14
1.14.14.3,Bacterial luciferase.,P09140 P19839 P29238 P23146 P19907 P18299 Q7N575 P24113 P24114 P07740 P09141 P19840 P29239 P23147 P19908 P18300 Q7N574 P12744 P07739,FALSE,1.14.14
1.14.14.32,17-alpha-hydroxyprogesterone deacetylase.,Q9GMC7 P05185 Q9N0U7 Q64410 P12394 Q9GMC8 Q95328 P05093 O73853 Q2XVA1 Q8HYM9 P70687 P27786 P30437 P70085 Q8HYN1 Q8HYN0 Q9GLD2 Q91Z85 P19100 O57525 P11715 Q29497 Q92113,FALSE,1.14.14
1.14.14.35,Dimethylsulfone monooxygenase.,Q3KC85 Q65YW9,FALSE,1.14.14
1.14.14.38,Valine N-monooxygenase.,Q9M7B8 Q9M7B7,FALSE,1.14.14
1.14.14.39,Isoleucine N-monooxygenase.,Q6J541 Q6J540,FALSE,1.14.14
1.14.14.42,Homomethionine N-monooxygenase.,Q949U1 Q9FUY7,FALSE,1.14.14
1.14.14.47,Nitric-oxide synthase (flavodoxin).,O34453 Q9RR97 Q5HEK7 P0A092 P0A093 Q6GFE2 Q6G818 P0A004 P0A094,FALSE,1.14.14
1.14.14.48,Jasmonoyl-L-amino acid 12-hydroxylase.,Q9FMV7 Q9SMP5,FALSE,1.14.14
1.14.14.5,Alkanesulfonate monooxygenase.,Q9I1C2 Q98CB9 Q98DT4 A1TRM3 Q8UAE8 C1DN48 Q65M61 P40402 A7Z2Q3 Q89ER2 Q3JSR8 Q2SVM8 Q9KHR3 A8AID7 A7MEW3 Q1LNM2 Q0K9I0 Q46ZU3 B3R2K7 A9C3F6 A7ZK27 B7UN21 B7MHP4 B7LE35 Q8XDD9 B5YT69 B7NM39 B7MS53 B7M864 C4ZQ61 B1X8N9 A7ZYN8 A1A9L2 Q0TJB9 Q8FJ93 B1IVZ6 P80645 B7N3A4 B6I909 B1LJS7 Q1RDS2 A4W8V4 D2TDP0 B2VC88 B7LNV2 B7KX11 B2JKA8 B2T3J1 Q6CYU4 C6DGK1 A1VPZ7 Q48H03 Q9HYG2 Q1IGL6 A4Y0F3 A5VX17 B0KH56 Q88R95 O85764 B1JEV9 Q87ZG3 Q9KHS2 Q4ZRE3 B2UAU3 Q8XZQ6 B3Q1C3 Q6N6K3 B3QIN8 A8GCK1 Q0T6A4 P59189 A9FK50 C5CNW9 Q8PP38 A7FDL9 Q1C1S2 B2K4U5 Q8ZB04 Q1CDQ8 A4TH89 Q665B4 B1JKC0,FALSE,1.14.14
1.14.14.51,(S)-limonene 6-monooxygenase.,Q6WKZ1 Q9XHE8 P11712 P33261 O85057,FALSE,1.14.14
1.14.14.52,(S)-limonene 7-monooxygenase.,P11712 P33261 O85057,FALSE,1.14.14
1.14.14.53,(R)-limonene 6-monooxygenase.,P11712 P33261,FALSE,1.14.14
1.14.14.9,4-hydroxyphenylacetate 3-monooxygenase.,Q57160 Q48440 Q9HWT7 Q5SJP8 Q6Q272 Q4L1M7 A4IT51 C0SPC0,FALSE,1.14.14
1.14.15.14,Methyl-branched lipid omega-hydroxylase.,P0A517 P9WPP2 P9WPP3,FALSE,1.14.15
1.14.15.15,Cholestanetriol 26-monooxygenase.,Q02318 Q9DBG1 P17177 P17178 O46658 C4B644 H2KYS3,FALSE,1.14.15
1.14.15.16,Vitamin D(3) 24-hydroxylase.,Q07973 Q64441 Q09128,FALSE,1.14.15
1.14.15.18,Calcidiol 1-monooxygenase.,O15528 O35084 O35132,FALSE,1.14.15
1.14.15.21,Zeaxanthin epoxidase.,Q96375 Q40412 O81360 P93236 A0A0K9RDW0 Q9FGC7 C3VEQ2 Q0JCU7,FALSE,1.14.15
1.14.15.24,Beta-carotene 3-hydroxylase.,Q9SZZ8 O49815 Q9LTG0 O49814 B3SGL0 Q9SPK6 C3VEQ1 P21688 Q44262 P54973,FALSE,1.14.15
1.14.15.3,Alkane 1-monooxygenase.,Q0VKZ3 Q9I0R2 Q0VTH3 Q6H941 O31250 P12691 Q9WWW6,FALSE,1.14.15
1.14.15.4,Steroid 11-beta-monooxygenase.,P15150 Q64408 P15538 P97720 Q29527 Q29552 P15393 P51663 P19099 Q64658 P15539 P30099 P30100 Q92104,FALSE,1.14.15
1.14.15.5,Corticosterone 18-monooxygenase.,P19099 Q64658 P15539 P30099 P30100,FALSE,1.14.15
1.14.15.6,Cholesterol monooxygenase (side-chain-cleaving).,P00189 P79153 Q92045 O46515 P05108 Q2XV99 Q9EPT4 Q9QZ82 Q07217 P10612 Q28827 P14137 P79202,FALSE,1.14.15
1.14.15.7,Choline monooxygenase.,Q93XE1 Q9SZR0 Q9LKN0 O22553 O04121,FALSE,1.14.15
1.14.99.1,Prostaglandin-endoperoxide synthase.,O62664 Q8HZR1 P23219 P22437 O97554 Q63921 P05979 O62698 P70682 P27607 O19183 P35354 Q05769 O62725 O02768 P35355 P79208,FALSE,1.14.99
1.14.99.29,Deoxyhypusine monooxygenase.,Q2QXB3 Q2QLW3 Q94JW0 Q752Z8 A1CED0 Q4WHG5 A2QXL3 Q2UMQ8 Q0VC53 Q17949 Q59Z14 Q6FUV3 Q2H0C0 Q5ZIP3 Q1E9L2 P0CN11 P0CN10 Q7ZUX6 Q6BKA6 Q556G4 Q9V9U4 Q297S2 Q5AW32 Q8SV71 Q4HZ35 Q9BU89 Q6CV81 D9IFD5 Q96WP5 Q99LN9 A1DFW7 Q7S891 Q0UHL8 A5JZ19 Q5PPJ4 Q9P6K9 Q4PHU4 Q66KT3 Q6CHJ7 P47120,FALSE,1.14.99
1.14.99.38,Cholesterol 25-hydroxylase.,O95992 Q9Z0F5 Q4G1G8 Q4QQV7,FALSE,1.14.99
1.14.99.39,Ammonia monooxygenase.,Q04507 Q04508,FALSE,1.14.99
1.14.99.46,Pyrimidine monooxygenase.,Q6FFZ7 P58759 B9JLT9 B9K4P2 A5EB33 B0SW63 D5VGV4 Q9A4N2 B8H1Q4 A7ME52 C9Y0S7 C8U5H4 C8UMM8 A7ZKB7 C8TNC2 B7UNZ5 D3H125 B7MIF9 B7LFC2 Q8XAU1 B5YU53 C6UPN4 B7NLB4 B7MTF5 B7M8Z7 C6EHJ5 C6UFC3 C4ZQE0 D3QPK5 C9QZ64 B1X9D3 A7ZYW7 A1A9R7 D5CZH2 Q0TJ55 Q8FJ41 B1IV85 P75898 B7N3G8 D2NGI9 B6I988 B1LIZ3 Q1RDK5 A4W925 D5CE32 D0LI58 B5XXN0 A6T7A2 D3RKL0 B7KWT7 C5B0U9 C7CM36 A9W3I1 B1ZB15 B1M6B9 D4GEU4 Q48MQ4 Q4ZXR7 A4VQH4 A8GCT6 Q32HQ0 D2AC43 Q0T622 Q83LK6 C5CN79 A1JMY1,FALSE,1.14.99
1.14.99.48,Heme oxygenase (staphylobilin-producing).,Q2FHU5 Q2FZE2 Q5HGU8 A6QG37 Q99UW8 Q7A649 Q6GHV0 Q6GA79 Q8NX62 Q2FK96 Q2G1J2 Q5HJK5 A6QDF1 Q99X56 Q7A827 Q6GKE0 Q6GCW1 Q7A1Y8 A7WXE5 Q2YX89 A8Z1R5 Q5HM56 Q8CRK4 Q4L849 Q49ZB8,FALSE,1.14.99
1.14.99.50,Gamma-glutamyl hercynylcysteine S-oxide synthase.,A0R5N0 G7CFI3 Q7D513 O69671,FALSE,1.14.99
1.14.99.51,Hercynylcysteine S-oxide synthase.,Q7RX33 O94632,FALSE,1.14.99
1.14.99.n4,"Carotenoid 9,10-dioxygenase.",O65572 C3VEQ4 Q8LP17 Q94IR2 Q84KG5,FALSE,1.14.99
1.7.3.1,Nitroalkane oxidase.,Q8X1D8 B2AM55,FALSE,1.7.3
1.7.3.3,Factor independent urate hydroxylase.,Q45697 O32141 P34798 P04670 P34799 O04104 Q8MKJ2 O04420 D0VWQ1 Q00511 Q3MHG7 Q5FZI9 P78609 Q6DG85 Q54LT2 P16163 P22673 O44111 P23194 P33282 D8JBB7 D4GPU7 Q8MHW6 Q8MKJ3 P25688 P25689 P53763 P16164 P82858 P11645 P09118 O74409,FALSE,1.7.3